id,name,Apps,Mins,Goals,Assists,Yel,Red,SpG,PS%,AerialsWon,MotM,Tackles,Inter,Fouls,Offsides,Clear,Drb,Blocks,OwnG,SpG,KeyP,Drb,Fouled,Off,Disp,Bad controls per game,Key passes per game,Passes per game,PS%,Crosses,LongB,ThrB,Rating
296,"Aaron CresswellWest Ham, 25, D(L)",38,3420,2,4,5,0,0.5,72.2,1.4,2,1.2,0.9,0.4,0.2,3.9,0.6,0.6,0,0.5,0.9,0.4,0.8,0.2,0.8,0.8,0.9,35.4,72.2,0.7,3.6,0,6.85
295,"Ahmed ElmohamadyHull, 27, D(R),M(R)",38,3420,2,5,4,0,0.4,73.8,3.3,3,1.8,1.7,1,0.1,2.6,0.5,0.1,0,0.4,1.7,0.8,1.3,0.1,0.9,0.7,1.7,41.7,73.8,1.4,1.9,0,7.17
294,"Branislav IvanovicChelsea, 31, D(CR)",38,3420,4,5,10,1,1.2,81.2,2.6,1,2.3,1,1.1,0.1,3.6,0.4,0.1,0,1.2,0.9,0.8,0.7,0.1,0.6,0.6,0.9,39.5,81.2,0.4,1.5,0,7.25
293,"John TerryChelsea, 34, D(C)",38,3420,5,0,2,0,0.5,89.6,2.6,1,1.1,0.9,0.3,0.6,5.7,0.3,0.8,1,0.5,0.2,0,0.5,0,0,0.1,0.2,42.3,89.6,0,1.6,0,7.03
292,"Tom HeatonBurnley, 29, GK",38,3420,0,0,1,0,0,46,0.3,4,0,0,0,0,0.7,0,0,1,0,0.1,0.1,0.1,0,0,0,0.1,26.3,46,0,9.2,0,6.82
291,"Kieran TrippierBurnley, 24, D(R)",38,3416,0,4,2,0,0.3,60.7,1.9,0,1.9,2.2,0.4,0.2,4,1.2,0.3,0,0.3,1.7,0.7,1.2,0.1,0.5,0.8,1.7,44.3,60.7,2.4,5.7,0,7.15
290,"AdriánWest Ham, 28, GK",38,3391,0,0,3,1,0,46.2,0.2,1,0,0.1,0.1,0,0.8,0,0,0,0,0.1,0,0.2,0,0,0,0.1,26.5,46.2,0,8.8,0,6.8
289,"Eden HazardChelsea, 24, AM(CLR)",38,3379,14,9,2,0,2.1,86.8,0.4,10,0.7,0.6,0.3,0,0.2,0.6,0,0,2.1,2.7,4.8,3,0.1,2.7,2.1,2.7,58.4,86.8,0.3,2.3,0.2,7.96
288,"Steven N'ZonziStoke, 26, M(C)",38,3376,3,1,2,0,1.2,85,2.8,2,1.9,0.8,0.8,0,1.2,0.8,0.1,0,1.2,0.9,1.2,0.7,0.1,1.2,1.2,0.9,56.6,85,0.2,2.3,0,7.01
287,"Jason ShackellBurnley, 31, D(C)",38,3347,0,0,3,0,0.2,77.9,4.4,3,0.6,1.3,0.6,0.8,11.5,0.2,1.4,1,0.2,0.2,0.1,1.3,0,0.1,0.2,0.2,32.7,77.9,0.1,4.6,0,7.27
286,"Ashley WilliamsSwansea, 31, D(C)",37,3330,0,0,6,0,0.2,85.4,2.2,1,1.2,2.8,0.8,0.5,10,0.5,1.1,0,0.2,0.2,0.1,0.3,0.1,0.1,0.2,0.2,49,85.4,0,4.8,0,7.23
285,"Joel WardCrystal Palace, 25, D(LR),DM(C)",37,3330,1,0,4,0,0.3,69.5,2.8,0,2.6,1.6,1,0.1,4.9,0.9,0.4,0,0.3,0.6,0.4,1.4,0,0.6,0.7,0.6,31.9,69.5,0.4,1.8,0,7.04
284,"Jose FonteSouthampton, 31, D(C)",37,3330,0,1,5,0,0.6,83.5,1.6,1,2.1,3.2,0.8,0.5,5.5,0.4,0.6,0,0.6,0.3,0.1,0.4,0,0.2,0.3,0.3,52.9,83.5,0.1,4.5,0,7.2
283,"David de GeaManchester United, 24, GK",37,3314,0,0,0,0,0,64.1,0.1,0,0,0.1,0,0,0.5,0,0,0,0,0,0,0,0,0,0,0,27.9,64.1,0,8.6,0,6.68
282,"Stewart DowningWest Ham, 31, M(CLR)",37,3314,6,8,3,0,1.9,85,0.1,2,0.7,0.6,0.3,0,0.9,0.5,0.1,0,1.9,2.3,0.6,0.7,0.1,0.7,0.6,2.3,40,85,2.2,3.1,0.1,7
281,"Lukasz FabianskiSwansea, 30, GK",37,3308,0,0,0,1,0,55.8,0.5,5,0,0.1,0,0,1,0.1,0,0,0,0,0,0.3,0,0,0,0,28.1,55.8,0,7.8,0,7.09
280,"Wes MorganLeicester, 31, D(C)",37,3288,2,2,1,1,0.7,76.6,3.8,1,1.5,2.6,0.8,0.9,6.9,0.1,1.3,2,0.7,0.2,0.5,0.4,0,0.2,0.5,0.2,24.7,76.6,0.1,1.5,0,7.2
279,"Phil JagielkaEverton, 33, D(CR)",37,3286,4,0,1,0,0.4,87.5,2.9,3,1.4,1.5,0.5,0.6,10,0.4,1.1,0,0.4,0.1,0.2,0.9,0,0.3,0.4,0.1,53.1,87.5,0,5.7,0,7.27
278,"Graziano PellèSouthampton, 30, FW",37(1),3284,12,2,6,0,3.2,65.3,4.7,2,0.3,0.2,1.8,0,1.1,0.3,0.2,0,3.2,1.1,0.2,1,0.7,1.8,2,1.1,32.1,65.3,0.1,0.8,0,7.03
277,"John O'SheaSunderland, 34, D(CLR)",37,3271,0,0,4,0,0.2,81.1,2.1,0,1.3,2,0.8,0.4,5,0.4,0.6,1,0.2,0.2,0.3,0.4,0,0.1,0.2,0.2,36.4,81.1,0,2.2,0,6.82
276,"Jordan HendersonLiverpool, 25, M(CLR)",36(1),3256,6,9,6,0,1.4,82.4,1.1,2,2.3,0.8,0.9,0,1.7,0.8,0.2,0,1.4,1.8,0.3,0.6,0.1,0.9,0.8,1.8,59,82.4,0.8,3.1,0.2,7.14
275,"Daryl JanmaatNewcastle United, 26, D(R)",37,3255,1,6,6,1,0.9,74.4,0.9,3,2.8,2.1,0.8,0.4,2.6,0.8,0.2,0,0.9,0.8,0.8,0.5,0.1,0.6,0.5,0.8,38.1,74.4,0.6,2.1,0,6.9
274,"Joe HartManchester City, 28, GK",36,3240,0,0,1,0,0,47.6,0.4,0,0,0,0,0,1,0,0,0,0,0,0,0.1,0,0,0,0,22.3,47.6,0,5,0,6.75
273,"Simon MignoletLiverpool, 27, GK",35(1),3224,0,0,0,0,0,61.9,0.2,0,0,0,0,0,1.5,0,0,1,0,0,0.1,0.1,0,0,0,0,24.9,61.9,0,5.6,0,6.73
272,"David JonesBurnley, 30, DM(C)",36,3210,0,0,0,0,0.6,83.6,0.7,0,1.4,2.3,0.8,0,1.5,0.6,0.3,0,0.6,0.7,0.3,0.4,0,0.7,0.6,0.7,42.3,83.6,0.4,1.9,0,6.72
271,"Julian SperoniCrystal Palace, 36, GK",36,3205,0,0,1,0,0,42.5,0.1,1,0,0,0,0,0.7,0.1,0,0,0,0,0,0,0,0,0.1,0,24.9,42.5,0,8.4,0,6.5
270,"Scott ArfieldBurnley, 26, AM(CLR)",36(1),3204,2,1,6,0,1.2,75.7,0.7,0,1.9,1.1,1.5,0,1,2.1,0.1,0,1.2,0.8,1.3,0.5,0.1,1.3,1.5,0.8,36.8,75.7,0.1,1.3,0,6.59
269,"Robert GreenQueens Park Rangers, 35, GK",36,3184,0,0,1,0,0,43.6,0.1,0,0,0.1,0,0,1,0.1,0,0,0,0.1,0,0.2,0,0,0,0.1,29.4,43.6,0,10.5,0,6.65
268,"Asmir BegovicStoke, 28, GK",35,3150,0,0,3,0,0,61.7,0.2,0,0,0,0,0,0.5,0.1,0,0,0,0,0,0.1,0,0,0,0,27.6,61.7,0,10.4,0,6.65
267,"Per MertesackerArsenal, 30, D(C)",35,3150,0,1,2,0,0.4,89.3,3.2,0,0.8,2.1,0.2,0.8,5.5,0.3,0.6,0,0.4,0.1,0.2,0.4,0,0,0.2,0.1,50.8,89.3,0,1.7,0,7
266,"Nathaniel ClyneSouthampton, 24, D(R)",35,3147,2,0,4,0,0.5,78.5,0.4,2,3.3,1.8,0.6,0.1,2.2,0.9,0.2,0,0.5,0.6,0.8,0.7,0,0.5,0.6,0.6,42.9,78.5,0.5,2.1,0,7.04
265,"Christian EriksenTottenham, 23, AM(CLR)",37(1),3142,10,2,4,0,2.6,82,0.6,5,1.3,0.6,0.4,0,0.5,0.9,0.1,0,2.6,2.2,1.2,0.6,0,2.2,1.4,2.2,52,82,0.8,1.7,0.1,7.09
264,"Jack ColbackNewcastle United, 25, D(L),M(C)",35,3129,4,6,12,0,0.8,87.5,0.5,3,2.9,1.9,1.6,0,1.2,1.1,0.2,0,0.8,1.3,0.3,1.6,0,1,0.7,1.3,41.3,87.5,0.7,2.4,0,6.91
263,"Nemanja MaticChelsea, 27, DM(C)",35(1),3124,1,3,10,1,0.8,86.4,2.1,6,3.6,2,1.3,0.1,3.3,2.2,0.2,0,0.8,0.7,1.5,0.6,0.2,1.2,0.5,0.7,63.8,86.4,0.1,3.3,0,7.5
262,"Charlie AustinQueens Park Rangers, 26, FW",35,3069,18,5,4,1,3.7,65.9,2.6,3,0.7,0.3,1,0,1.2,0.7,0.1,0,3.7,0.7,0.4,1.3,1,1.8,2.1,0.7,21.5,65.9,0.3,0.6,0,6.99
261,"Seamus ColemanEverton, 26, D(R),M(R)",34(1),3065,3,2,5,0,0.5,84.5,0.6,0,1.5,1.1,0.6,0.2,2.6,0.3,0.3,1,0.5,1,1.4,0.9,0.1,1.1,1.2,1,35.9,84.5,0.4,1.5,0,6.92
260,"Hugo LlorisTottenham, 28, GK",35,3064,0,0,0,0,0,60.6,0.1,0,0,0.1,0,0,1.2,0.1,0,0,0,0,0,0.1,0,0,0,0,26.1,60.6,0,7.2,0,6.89
259,"Sebastian LarssonSunderland, 30, M(CLR)",36,3061,3,3,10,0,1.3,81.8,0.6,1,2.4,1.1,1.4,0,1.3,1.4,0.4,0,1.3,1.6,0.6,1.4,0.1,0.9,0.7,1.6,38.5,81.8,1.6,2.5,0.1,7.01
258,"Brad GuzanAston Villa, 30, GK",34,3060,0,0,2,0,0,54.7,0.3,2,0,0.1,0,0,0.7,0,0,0,0,0,0,0.2,0,0,0,0,28.1,54.7,0,9.5,0,6.64
257,"Joleon LescottWest Bromwich Albion, 33, D(CL)",34,3060,1,2,3,0,0.4,77.1,2.1,1,1.6,2.2,0.7,0.9,6,0.4,1.1,0,0.4,0.1,0.3,0.7,0,0.5,0.4,0.1,31.1,77.1,0,1.9,0,7.11
256,"Ryan BertrandSouthampton, 26, D(L),M(L)",34,3055,2,2,3,1,0.4,79.4,1.6,0,1.3,2,0.9,0.2,1.4,0.4,0.2,0,0.4,0.8,0.6,1.2,0.1,0.7,1,0.8,41.1,79.4,0.9,2.3,0,7.02
255,"Raheem SterlingLiverpool, 20, AM(CLR),FW",34(1),3053,7,7,5,0,2.4,81,0.1,3,1.1,0.5,1.3,0,0.4,0.4,0.1,0,2.4,2.1,2.9,2.7,0.5,2.1,2.3,2.1,32.4,81,0.5,0.7,0,7.27
254,"Danny IngsBurnley, 23, AM(C),FW",35,3035,11,4,6,0,2.8,70.7,0.9,1,0.8,0.5,0.7,0,0.3,0.6,0.1,0,2.8,1,1.6,1.4,0.5,2.1,2.5,1,20.6,70.7,0.2,0.6,0,6.89
253,"Jake LivermoreHull, 25, DM(C)",35,3033,1,1,10,0,1,83.5,0.6,0,2.8,1.7,1.5,0,0.7,1,0.3,0,1,0.8,0.3,0.4,0,1,0.9,0.8,43.5,83.5,0.1,3.1,0,6.72
252,"Moussa SissokoNewcastle United, 26, M(CR)",34,3032,4,2,7,2,1.3,79.1,1.4,0,1.1,0.9,1.6,0,0.8,0.6,0.1,0,1.3,1.3,2.5,1.3,0.1,1.9,1.5,1.3,38.9,79.1,0.4,1,0.2,6.92
251,"Steven CaulkerQueens Park Rangers, 23, D(C)",34(1),3017,1,0,1,0,0.8,69.2,4.2,0,1.1,2,0.4,0.9,9.9,0.7,1,1,0.8,0.5,0.2,0.3,0,0.2,0.3,0.5,25.1,69.2,0,2.2,0,7.17
250,"George BoydBurnley, 29, M(LR)",35,3014,5,2,7,0,1.4,74.3,1.3,2,3.3,1.4,1.1,0,1.7,1.8,0.2,0,1.4,1,0.9,1,0.4,1.1,1.3,1,18.5,74.3,0.5,0.6,0,6.99
249,"Neil TaylorSwansea, 26, D(L)",34,3000,0,2,9,0,0.1,83.6,0.8,0,2.3,2.2,0.9,0.1,3.1,0.6,0.4,0,0.1,0.6,0.2,0.8,0,0.3,0.5,0.6,38.1,83.6,0.4,1.5,0,6.95
248,"Santi CazorlaArsenal, 30, M(CLR)",33(4),2992,7,11,5,0,2.5,89,0.1,4,1.6,1.1,0.5,0,0.6,1.5,0.1,0,2.5,2.1,2.4,1.6,0.1,1.5,1,2.1,64,89,1.1,2.2,0.2,7.6
247,"Gary CahillChelsea, 29, D(C)",33(3),2985,1,0,5,0,0.6,86.5,3.3,0,1,0.8,0.6,1,6.1,0.3,0.8,0,0.6,0.1,0.1,0.5,0,0.1,0.2,0.1,36.6,86.5,0,2,0,6.96
246,"Martin SkrtelLiverpool, 30, D(C)",33,2970,1,0,8,0,0.6,90.1,3.4,4,1.2,1.7,0.7,0.7,9.5,0.3,1.2,0,0.6,0.2,0.1,0.5,0.1,0.2,0.2,0.2,52.3,90.1,0,2,0,7.22
245,"Alexis SánchezArsenal, 26, AM(CLR),FW",34(1),2953,16,8,4,0,3.5,76.8,0.8,8,2,1.2,1.3,0,0.2,1.5,0,0,3.5,2.3,3.3,2.1,0.2,3.3,2.1,2.3,42,76.8,0.6,1.3,0.4,7.81
244,"Saido BerahinoWest Bromwich Albion, 22, AM(CLR),FW",32(6),2930,14,1,2,0,2.3,83.2,0.5,2,0.8,0.3,0.8,0,0.2,0.5,0.1,0,2.3,0.7,0.7,1,0.5,2.4,2.3,0.7,20.4,83.2,0.1,0.4,0,6.69
243,"Scott DannCrystal Palace, 28, D(C)",34,2923,2,3,6,0,0.6,66.4,3.2,1,0.9,1.6,0.9,0.3,6.5,0.4,1,0,0.6,0.4,0.1,0.3,0,0,0.2,0.4,24.6,66.4,0.1,3.2,0,6.96
242,"Chris BruntWest Bromwich Albion, 30, D(L),M(CLR)",33(1),2898,2,10,5,0,1,72.6,1.5,3,2.2,2,0.9,0.1,2.5,1.3,0.1,0,1,1.5,0.6,0.4,0.1,0.8,0.8,1.5,34.6,72.6,1.6,2.1,0.1,7.19
241,"Cesc FàbregasChelsea, 28, M(CLR),FW",33(1),2890,3,18,11,1,1.3,85.2,0.8,3,2.6,0.7,0.9,0,0.9,2.1,0.1,0,1.3,2.8,1.1,1.1,0,1.4,1,2.8,80.6,85.2,1.7,5.4,0.5,7.62
240,"Ben MeeBurnley, 25, D(L)",32(1),2888,2,1,10,0,0.6,66.6,2.6,0,1.9,2,0.9,0.1,5.6,0.9,0.9,0,0.6,0.5,0.5,0.9,0,0.5,0.6,0.5,33.6,66.6,0.2,3,0,7.08
239,"Romelu LukakuEverton, 22, FW",32(4),2877,10,5,1,0,2.9,73.8,1.7,2,0.3,0.1,0.8,0,0.2,0.2,0,1,2.9,1,1.3,0.7,1,2.2,1.8,1,26,73.8,0.1,0.5,0.1,6.77
238,"Wayne RooneyManchester United, 29, AM(CL),FW",33,2877,12,5,5,1,2.4,84.7,1.2,1,1.1,0.9,1.1,0,1.4,0.7,0.1,0,2.4,1.4,1.2,0.7,0.4,1.9,1.3,1.4,50.3,84.7,0.6,5.2,0.2,7.28
237,"Fabricio ColocciniNewcastle United, 33, D(C)",32,2837,1,0,3,1,0.3,85,1.8,0,1.9,2.2,0.4,1,5.3,0.5,0.6,0,0.3,0.1,0.1,0.3,0,0.3,0.2,0.1,32.8,85,0,2.6,0,6.81
236,"Tim HowardEverton, 36, GK",32,2836,0,0,3,0,0,57.5,0.3,1,0,0.1,0,0,0.9,0,0,0,0,0,0,0.2,0,0,0,0,26.8,57.5,0,5.8,0,6.44
235,"Ryan ShawcrossStoke, 27, D(C)",32,2832,2,1,7,0,0.6,76.9,3.5,4,1.3,1.6,0.8,0.3,7.5,0.5,1,0,0.6,0.4,0.3,0.7,0.1,0.1,0.4,0.4,35.7,76.9,0,3.4,0,7.09
234,"Gareth BarryEverton, 34, DM(C)",33,2827,0,2,10,1,0.5,84.6,1.3,1,2.5,1.7,1.8,0,2.8,1.5,0.4,0,0.5,0.5,0.3,0.9,0.1,0.8,0.3,0.5,61.8,84.6,0.2,5.1,0.1,6.85
233,"Jason PuncheonCrystal Palace, 29, AM(CLR)",31(6),2825,6,7,7,1,1.8,76.4,0.4,2,1.8,1.1,1.2,0,0.6,1.4,0.1,0,1.8,1.8,1.6,0.6,0.1,1.5,1.9,1.8,30.9,76.4,1.4,1.8,0.1,6.99
232,"Thibaut CourtoisChelsea, 23, GK",32,2814,0,0,1,0,0,49.5,0.3,1,0,0,0,0,0.7,0,0,0,0,0.1,0,0.3,0,0,0,0.1,23.2,49.5,0,7.2,0,6.78
231,"Jan VertonghenTottenham, 28, D(CL)",31(1),2810,0,0,6,0,0.4,85.1,2.8,0,1.6,2.2,0.6,1,7,0.5,0.7,1,0.4,0.1,0.4,0.6,0,0.2,0.2,0.1,43.7,85.1,0,2.6,0,7.06
230,"Philippe CoutinhoLiverpool, 23, AM(CLR),FW",32(3),2801,5,5,3,0,2.9,80.3,0.2,5,1.7,0.5,0.7,0,0.4,1.7,0.1,0,2.9,1.7,3.1,1.4,0.2,1.8,2,1.7,45.7,80.3,0.6,1.8,0.4,7.34
229,"Yannick BolasieCrystal Palace, 26, AM(LR)",31(3),2778,4,6,3,0,2,71.7,1.1,2,1.5,0.3,1.5,0,1,0.4,0.1,0,2,1.4,2.6,1.4,0.4,1.6,2.1,1.4,19.6,71.7,0.9,0.4,0,7.05
228,"Connor WickhamSunderland, 22, AM(L),FW",31(5),2774,5,1,8,0,2.3,65,2.8,0,1.4,0.8,1.6,0,1.6,1.1,0.1,0,2.3,0.6,1.2,1.7,0.3,2.7,2.4,0.6,25.2,65,0.2,0.9,0,6.81
227,"Leighton BainesEverton, 30, D(L)",31,2774,2,9,4,0,0.7,84,0.6,2,1.7,1.5,0.7,0.2,2.8,0.5,0.2,0,0.7,2.3,0.9,1.6,0.2,0.5,0.5,2.3,49.1,84,1.6,2.2,0.1,7.26
226,"Tim KrulNewcastle United, 27, GK",30,2700,0,1,1,0,0,47.8,0.2,0,0,0,0,0,0.7,0.1,0,0,0,0,0,0.2,0,0,0,0,31.2,47.8,0,9.1,0,6.4
225,"Gylfi SigurdssonSwansea, 25, M(CLR)",32,2697,7,10,2,0,2.1,84.9,0.3,2,1.1,1.3,0.7,0,0.7,1.8,0.2,0,2.1,2.3,1,1.3,0.1,1.4,1.7,2.3,35.8,84.9,1.4,0.3,0.3,7.18
224,"Gabriel AgbonlahorAston Villa, 28, AM(LR),FW",30(4),2695,6,1,7,1,1.6,74.8,1.4,1,0.5,0.2,1.2,0,0.5,0.3,0,0,1.6,0.5,0.7,1.7,0.4,1.3,1.1,0.5,17.6,74.8,0.2,0.5,0,6.48
223,"Ki Sung0yuengSwansea, 26, DM(C)",30(3),2690,8,1,4,0,0.8,89.8,1.7,1,1.4,1.8,0.8,0,2.2,0.7,0.3,0,0.8,0.8,0.5,1.4,0.1,0.7,0.7,0.8,51.7,89.8,0.1,2,0.1,7.1
222,"Craig GardnerWest Bromwich Albion, 28, D(R),M(CLR)",30(5),2684,3,4,10,0,1.6,75.3,1.4,0,2.7,1.6,1.6,0,1.7,1.5,0.3,0,1.6,1,0.4,1.1,0.1,0.9,0.8,1,30.6,75.3,0.4,1.5,0.1,6.99
221,"Carl JenkinsonWest Ham, 23, D(R)",29(3),2667,0,2,2,0,0.4,78.3,0.7,0,1.1,1.1,0.4,0.2,3.6,0.5,0.4,0,0.4,0.7,0.3,0.3,0,0.6,0.4,0.7,27.1,78.3,0.8,1.5,0,6.65
220,"Cheikhou KouyatéWest Ham, 25, D(C),DM(C)",30(1),2662,4,2,5,0,1.1,79,3.2,4,2.5,1.9,1.5,0.1,3.3,0.9,0.3,0,1.1,0.5,0.7,1.5,0,1,1.3,0.5,28.7,79,0.2,1,0,7.19
219,"David SilvaManchester City, 29, AM(CLR)",32,2661,12,7,8,0,2.1,85.7,0.5,3,1.4,0.7,1.2,0,0.3,1.7,0.1,0,2.1,2.9,1.6,1.4,0.1,2.3,1.3,2.9,67.1,85.7,0.4,1.4,0.6,7.53
218,"Steven DavisSouthampton, 30, M(CLR)",32(3),2651,0,2,3,0,0.9,85.3,0.3,0,1.9,1,0.4,0,1.5,1.1,0.1,0,0.9,1.4,0.3,0.4,0.1,1.3,0.8,1.4,48.7,85.3,0.7,3.1,0.1,6.81
217,"Fraser ForsterSouthampton, 27, GK",30,2624,0,0,1,0,0,57.6,0.1,1,0,0,0,0,0.6,0,0,0,0,0,0,0.1,0,0,0,0,24.5,57.6,0,8.1,0,6.67
216,"Santiago VerginiSunderland, 27, D(CR)",28(3),2623,0,0,6,0,0.4,77.1,1.3,1,2,1.7,0.5,0.2,3.5,1.1,0.5,1,0.4,0.2,1.4,0.3,0,0.6,0.7,0.2,36.8,77.1,0.1,1.9,0,6.9
215,"James McArthurCrystal Palace, 27, M(C)",29(3),2607,2,0,6,0,1,78.6,1.8,2,2.9,2.1,1.3,0,1.6,1.5,0.8,0,1,0.9,0.6,1,0.1,0.7,1.3,0.9,33.6,78.6,0.1,2,0,7.17
214,"Craig DawsonWest Bromwich Albion, 25, D(CR)",29,2591,2,0,6,0,0.6,73.4,3.8,0,1.8,1.8,0.8,0.5,6.4,0.6,1,0,0.6,0.2,0.2,0.8,0,0.2,0.3,0.2,34.8,73.4,0.2,2.7,0,7.22
213,"Pablo ZabaletaManchester City, 30, D(LR)",29,2586,1,4,6,1,0.4,85.3,1.8,1,3.7,2,1,0.2,2.9,1.4,0.2,1,0.4,0.9,0.2,0.5,0,0.6,0.7,0.9,49.9,85.3,0.3,1.4,0,7.23
212,"Antonio ValenciaManchester United, 30, D(R),M(R)",29(3),2584,0,2,4,0,0.2,89.5,0.8,1,3,1.8,1.2,0.2,1.6,0.6,0.2,0,0.2,0.8,1.3,0.7,0.1,0.3,0.6,0.8,52.3,89.5,0.7,2.5,0,7.23
211,"Harry KaneTottenham, 22, AM(C),FW",28(6),2582,21,4,4,0,3.3,75.2,1.5,5,1,0.5,1,0,0.6,0.5,0.1,1,3.3,0.8,1.5,1.3,1,2.8,2.1,0.8,25.4,75.2,0.2,0.8,0.1,7.28
210,"Joe LedleyCrystal Palace, 28, M(C)",30(2),2575,2,0,0,0,0.4,79.4,1.4,0,2,2,0.3,0,2.1,0.6,0.4,0,0.4,0.7,0.3,0.8,0.1,0.4,0.5,0.7,31.2,79.4,0.2,0.8,0,6.82
209,"Erik PietersStoke, 27, D(L)",29(2),2564,0,2,8,0,0.3,80.7,1.9,2,2.3,1.9,1.5,0.2,4.4,1.2,0.3,0,0.3,0.5,0.4,1.2,0,0.5,0.8,0.5,34.8,80.7,0.5,1.9,0,7.02
208,"James MorrisonWest Bromwich Albion, 29, M(CLR)",29(4),2559,2,1,3,0,0.9,83.4,0.7,3,2.1,1.7,0.9,0,1,1.5,0.2,0,0.9,1.1,0.9,0.8,0.1,1.5,0.8,1.1,43,83.4,0.6,2.8,0.2,6.93
207,"Martín DemichelisManchester City, 34, D(C),DM(C)",28(3),2559,1,0,6,0,0.3,87.2,2.7,0,2,2.4,1.1,0.8,5.5,1.1,0.3,1,0.3,0.2,0.1,0.3,0,0.2,0.2,0.2,44.4,87.2,0,1.6,0,7.02
206,"Tom HuddlestoneHull, 28, DM(C)",30(1),2545,0,2,6,2,1.2,79.9,1,1,2.4,1.5,1.3,0,2.5,1.5,0.3,0,1.2,0.8,0.4,1,0,0.7,0.5,0.8,47.5,79.9,0.8,4.7,0,6.79
205,"Sergio AgüeroManchester City, 27, AM(CL),FW",30(3),2540,26,8,4,0,4.5,85.6,0.2,5,0.7,0.4,0.5,0,0.1,0.5,0,0,4.5,1,2.6,0.8,1,2.7,1.9,1,25.2,85.6,0.1,0.5,0.1,7.67
204,"Jeffrey SchluppLeicester, 22, D(L),M(L)",30(2),2539,3,2,4,0,1.3,71.2,1.3,1,2.5,1.9,0.9,0,1.9,1,0.1,1,1.3,0.7,2,1.5,0,1.2,1.3,0.7,22.6,71.2,0.5,1.4,0,7.11
203,"Costel PantilimonSunderland, 28, GK",28,2520,0,0,2,0,0,47.5,0.3,4,0.1,0,0,0,1,0.1,0,0,0,0,0,0.4,0,0,0,0,30.8,47.5,0,10.8,0,7.12
202,"Tom CleverleyAston Villa, 26, M(CLR)",31,2520,3,0,6,0,0.7,86.3,0.4,1,2.3,0.9,1,0,0.7,1.1,0.1,0,0.7,0.8,0.3,1,0,0.9,0.7,0.8,45.6,86.3,0.5,2.3,0,6.64
201,"Karl HenryQueens Park Rangers, 32, DM(C)",27(6),2506,0,0,8,0,0.3,80.6,0.8,0,1.8,1.1,1.2,0,0.7,0.5,0.2,0,0.3,0.3,0.2,0.8,0,0.5,0.5,0.3,31,80.6,0.1,2.5,0,6.43
200,"Winston ReidWest Ham, 27, D(C)",29(1),2503,1,0,10,0,0.4,79.3,2.8,2,1.5,1.6,1,0.4,9.3,0.4,1,0,0.4,0.3,0.1,1.2,0.1,0.1,0.7,0.3,29.9,79.3,0,2.3,0,7.03
199,"Martin KellyCrystal Palace, 25, D(LR)",27(4),2499,0,1,2,0,0.3,68.1,1.5,1,3,1.5,1.2,0.1,4.4,0.7,0.4,0,0.3,0.3,0.3,0.4,0,0.4,0.6,0.3,21.7,68.1,0.3,0.9,0,6.89
198,"Ben FosterWest Bromwich Albion, 32, GK",28,2486,0,0,2,0,0,41.1,0.2,0,0,0,0.1,0,0.6,0,0,0,0,0,0,0.1,0,0,0,0,30.7,41.1,0,8.7,0,6.51
197,"César AzpilicuetaChelsea, 25, D(LR)",29,2484,0,3,1,1,0.2,83.5,1.3,3,3,2,0.7,0.1,3.1,1.1,0.4,0,0.2,0.6,0.3,0.5,0,0.2,0.5,0.6,44.8,83.5,0.2,1.6,0,7.24
196,"Federico FernándezSwansea, 26, D(C)",27(1),2475,-,-,-,-,0.5,84.6,2.4,3,1.9,3.1,0.6,0.5,6.1,1.1,0.6,-,0.5,0.1,0.2,0.8,-,0.2,0.3,0.1,49.3,84.6,-,2.5,-,7.11
195,"Jonjo ShelveySwansea, 23, M(C)",28(3),2456,3,5,8,1,2,79.1,0.4,-,1.4,1.3,1.1,-,0.9,0.9,0.3,1,2,1,0.8,0.5,0.1,0.6,1.1,1,48.9,79.1,0.5,4.6,0.1,6.83
194,"Mame Biram DioufStoke, 27, AM(R),FW",28(6),2438,11,3,7,-,1.6,65.9,1.6,3,1.1,0.2,1.8,-,1.1,0.6,0.1,-,1.6,0.8,0.6,1.1,0.5,0.8,1.7,0.8,13.3,65.9,0.1,0.1,-,6.83
193,"Damien DelaneyCrystal Palace, 34, D(C)",28(1),2435,-,-,6,1,0.4,67.1,2.8,-,1.4,1.7,0.5,0.2,8.2,0.6,0.7,-,0.4,0.3,0.1,0.3,-,0.1,0.4,0.3,25.6,67.1,-,3.7,-,6.89
192,"Fabian DelphAston Villa, 25, DM(C)",27(1),2434,-,3,1,1,1.5,85.2,0.7,1,2.1,1.4,0.5,-,1,1.1,0.3,-,1.5,1.3,2.2,1.6,-,1.6,1.1,1.3,59.8,85.2,0.6,5.2,0.1,7.08
191,"Michael DawsonHull, 31, D(C)",28,2434,1,-,7,-,0.5,75.5,4.3,1,1.4,1.6,0.8,0.4,7.8,0.6,1.3,-,0.5,0.2,-,0.3,-,0.2,0.2,0.2,33,75.5,-,4.7,-,7.11
190,"Ashley BarnesBurnley, 25, AM(CL),FW",28(7),2428,5,2,4,1,1.9,63.2,4.1,1,0.7,0.5,2.1,0.1,1,0.6,0.2,-,1.9,0.9,0.2,1.7,0.3,1.1,1.7,0.9,21.4,63.2,0.1,0.5,-,6.7
189,"Jonathan WaltersStoke, 31, AM(CLR),FW",28(4),2424,8,4,5,-,1.4,65.7,3.7,3,0.7,0.5,1,-,1.1,0.2,0.1,-,1.4,0.8,0.6,1,0.5,1.7,1.5,0.8,21.3,65.7,0.3,0.4,-,6.93
188,"Esteban CambiassoLeicester, 35, D(C),DM(C)",27(4),2423,5,1,1,-,0.9,73.6,1.2,1,2.3,2.1,0.6,-,1,1.5,0.3,1,0.9,1.2,0.5,0.5,-,0.5,0.5,1.2,36.1,73.6,0.6,2.3,0.1,6.97
187,"Alan HuttonAston Villa, 30, D(R)",27(3),2418,1,-,8,-,0.4,76.4,1.7,1,1.6,1.2,0.6,0.3,3.4,0.5,0.5,-,0.4,0.8,0.6,1.7,0.1,0.6,0.7,0.8,37.2,76.4,1,1.9,-,6.83
186,"Michael WilliamsonNewcastle United, 31, D(C)",27(4),2418,1,1,5,2,0.3,79.5,3.2,-,1.1,1.4,0.5,1.2,5.8,0.5,0.6,-,0.3,0.2,0.2,0.5,-,0.1,0.2,0.2,31,79.5,-,1.3,-,6.62
185,"WillianChelsea, 27, AM(CLR)",28(8),2418,2,3,3,-,1.5,85.1,0.4,-,1,0.4,0.8,-,0.2,1,-,-,1.5,1.4,1.8,1.5,0.1,1,1.2,1.4,38,85.1,0.7,2.4,-,7.02
184,"Nacer ChadliTottenham, 26, AM(CL)",28(7),2417,11,5,3,-,1.5,83.3,0.8,1,0.8,0.4,0.7,-,0.5,0.3,0.1,-,1.5,1.2,1.3,0.7,0.3,1.4,1.3,1.2,30.5,83.3,0.3,0.8,-,6.9
183,"Leonardo UlloaLeicester, 29, FW",29(8),2409,11,3,3,-,1.3,72.7,3.3,-,1.4,0.4,1.8,-,1,0.8,0.1,-,1.3,1,0.4,0.9,0.3,2,2.2,1,24.3,72.7,0.2,0.4,-,6.85
182,"James McCarthyEverton, 24, M(CL)",27(1),2404,2,1,7,-,0.7,85.6,1.3,2,2.4,1.6,1.1,-,2.9,1.4,0.8,-,0.7,0.6,0.6,1.2,-,0.9,0.7,0.6,50.5,85.6,0.1,3.2,-,7.09
181,"Christian BentekeAston Villa, 24, FW",26(3),2380,13,2,1,1,2.8,66.7,6.5,3,0.4,0.1,1.5,-,0.7,0.2,0.1,-,2.8,1.1,0.6,0.8,1.2,1.9,2.3,1.1,33.3,66.7,-,1,0.1,7.08
180,"Ayoze PérezNewcastle United, 22, AM(R),FW",25(11),2372,7,-,-,-,1.7,79.9,0.6,2,1.1,0.8,0.9,-,0.6,0.8,-,-,1.7,0.8,1.7,1.1,0.3,2.3,2.5,0.8,15.8,79.9,0.2,0.2,0.1,6.74
179,"Danny RoseTottenham, 25, D(L)",27(1),2372,3,4,7,-,0.9,78.5,1.1,2,2.8,2.2,1.8,0.2,2.7,0.6,0.3,-,0.9,1,0.9,1.8,0.1,0.9,1,1,39.4,78.5,0.7,1.5,-,7.23
178,"Leroy FerQueens Park Rangers, 25, AM(CL)",27(2),2368,6,2,4,-,1.9,79.9,2.6,5,2.1,1,1.1,-,0.9,0.9,0.1,-,1.9,1.7,2,1.8,-,1.8,1.4,1.7,34.9,79.9,0.2,2.3,0.1,7.27
177,"Victor WanyamaSouthampton, 24, DM(C)",26(6),2362,3,1,10,-,0.9,84.1,2.2,2,2.9,1.9,2.1,0.1,1.6,1.2,0.2,-,0.9,0.5,1.2,1,-,1.1,1,0.5,47.3,84.1,-,2.1,0.1,7.12
176,"Lee CattermoleSunderland, 27, DM(C)",26(2),2358,1,-,14,-,0.4,80.8,1,-,2.7,2.4,1.9,0.1,2.4,2,0.4,-,0.4,0.4,0.4,0.7,-,0.6,0.4,0.4,39.4,80.8,-,3.2,0.1,6.83
175,"Yaya TouréManchester City, 32, M(C)",27(2),2357,10,1,5,-,3.1,88.9,1.3,3,1,0.5,1.1,0.1,0.8,1,0.2,-,3.1,1.1,1.8,0.6,-,1.3,0.8,1.1,83.1,88.9,0.1,3.9,0.2,7.4
174,"Joey BartonQueens Park Rangers, 32, DM(C),M(R)",27(1),2351,1,3,11,1,1.3,73.2,1.9,-,3,1.6,1.7,-,2.4,2.1,0.8,-,1.3,2.1,0.6,1.4,-,1,0.7,2.1,48.8,73.2,1.4,5.2,0.1,7.1
173,"Allan McGregorHull, 33, GK",26,2340,-,-,-,-,-,42.2,0.1,2,-,-,-,-,0.9,-,-,-,-,-,-,0.2,-,-,-,-,24.5,42.2,-,8.3,-,6.42
172,"Ryan MasonTottenham, 24, DM(C)",29(2),2326,1,4,10,-,1.3,83.6,0.5,1,2.8,1.6,0.9,-,1.5,1.2,0.1,-,1.3,0.9,0.5,1.2,-,0.6,0.9,0.9,51.9,83.6,0.1,3.7,0.1,6.86
171,"Wayne RoutledgeSwansea, 30, AM(CLR)",27(2),2318,3,1,1,1,1.1,77.2,0.4,-,1.1,0.8,1.2,-,0.8,0.6,-,-,1.1,1,1.3,1.2,0.7,1,1.7,1,26.3,77.2,0.5,0.9,0.2,6.64
170,"Nacho MonrealArsenal, 29, D(CL)",26(2),2311,-,1,3,-,0.1,85.6,2.8,-,2.3,3.1,0.9,0.3,4.4,0.7,0.4,-,0.1,0.4,0.3,0.7,-,0.1,0.4,0.4,44.5,85.6,0.2,1.1,-,7.33
169,"Juan MataManchester United, 27, AM(CLR)",27(6),2309,9,4,2,-,1,89.5,0.1,2,0.9,0.7,0.8,-,0.2,1.3,-,-,1,1.5,0.6,1.1,0.2,1.2,0.8,1.5,44,89.5,0.7,3.2,0.2,6.89
168,"Mark NobleWest Ham, 28, DM(C)",27(1),2308,2,3,4,-,0.8,85.2,0.3,-,2.5,1.9,1.2,-,0.9,1.4,0.3,1,0.8,1.6,0.9,1.2,0.1,1,1,1.6,49.1,85.2,0.9,3.3,0.2,7.04
167,"Patrick van AanholtSunderland, 24, D(L)",26(2),2306,-,5,4,-,1.1,81.7,0.4,2,2.7,2.4,0.8,0.1,3,1.3,0.6,1,1.1,1.3,1.3,0.6,0.1,1,1.1,1.3,33.2,81.7,0.4,1.4,-,7.09
166,"Erik LamelaTottenham, 23, AM(CLR),FW",25(8),2302,2,7,6,-,1.2,82.8,0.2,4,2.4,1.3,1.5,-,0.3,1,-,-,1.2,1.8,1.7,1.5,0.2,2.3,1.6,1.8,34.3,82.8,0.8,0.7,0.1,7.07
165,"Eric DierTottenham, 21, D(CR),DM(C)",25(3),2291,2,2,4,-,0.4,79.1,2.4,2,1.8,1.7,0.8,0.8,4,0.6,0.4,-,0.4,0.5,0.8,0.4,-,0.4,0.7,0.5,43.9,79.1,0.4,2.5,-,6.93
164,"Laurent KoscielnyArsenal, 29, D(C)",26(1),2288,3,-,4,-,0.3,88.9,3.2,2,1.3,3.5,0.7,1.1,5.9,0.5,0.7,-,0.3,0.1,0.3,0.6,0.1,0.2,0.3,0.1,42.9,88.9,-,2.4,-,7.4
163,"FernandinhoManchester City, 30, DM(C)",25(8),2273,3,3,7,-,0.7,88.5,1.3,1,2.8,1.8,1.8,0.1,1.4,2.1,0.2,-,0.7,0.9,1.1,0.7,-,1.2,0.4,0.9,52.5,88.5,0.1,1.5,0.2,7.19
162,"Glenn WhelanStoke, 31, DM(C)",26(2),2265,-,-,6,-,0.5,84.6,1.5,-,1.9,1.6,1.3,-,2.9,1.4,0.7,-,0.5,0.7,0.3,0.6,-,0.8,0.5,0.7,47.6,84.6,0.3,3.2,-,6.91
161,"Alberto MorenoLiverpool, 23, D(L),M(L)",26(2),2263,2,-,6,-,0.6,82.8,0.5,-,1.9,1.2,1.3,-,1.6,0.4,0.1,-,0.6,1.2,0.5,1.3,0.1,0.4,0.8,1.2,34.9,82.8,0.4,1.8,-,6.72
160,"Toby AlderweireldSouthampton, 26, D(CR)",26,2263,1,-,3,-,0.7,80.2,1.4,1,1.7,1.2,0.5,0.4,5.5,0.7,0.8,-,0.7,0.3,0.3,0.2,-,0.2,0.3,0.3,42.6,80.2,0.2,5.2,-,7.07
159,"Paul KoncheskyLeicester, 34, D(L)",26,2250,1,1,3,2,0.2,74,0.9,-,1.5,1.6,0.8,0.3,3.1,0.5,0.2,-,0.2,0.3,0.3,0.5,-,0.6,0.5,0.3,36.7,74,0.4,2.5,-,6.46
158,"Alexandre SongWest Ham, 27, D(C),DM(C)",25(3),2249,-,3,4,-,0.4,76.7,0.7,-,3.3,1.5,1.9,-,1.1,2.1,0.3,-,0.4,1,1.4,1.9,-,1.6,1.4,1,43.5,76.7,0.1,2.7,0.3,6.97
157,"Jesús NavasManchester City, 29, AM(CR)",23(12),2248,-,8,3,-,1.3,85.4,0.4,1,1,0.5,0.6,-,0.2,0.9,-,-,1.3,2.3,1.1,0.8,0.2,0.9,0.8,2.3,38.2,85.4,1.7,0.7,0.1,6.98
156,"Jamie VardyLeicester, 28, AM(L),FW",26(8),2247,5,8,5,-,1.4,64.3,1.9,2,0.9,0.7,1.2,-,0.2,0.2,0.1,-,1.4,1,0.8,0.9,0.9,0.6,1.4,1,13.7,64.3,0.2,0.3,-,6.8
155,"Steven GerrardLiverpool, 35, M(CR)",25(4),2238,9,1,7,1,1.9,85,0.7,-,1.7,0.8,0.4,-,1.8,1,0.3,1,1.9,1.8,0.2,0.8,-,0.6,0.6,1.8,52.8,85,1,5.3,0.1,6.95
154,"Nabil BentalebTottenham, 20, DM(C)",25(1),2195,-,2,8,-,1,86.8,1.4,1,2.3,2.5,1,-,1.9,0.9,0.3,-,1,0.6,1.1,0.6,-,0.8,0.6,0.6,61,86.8,0.1,2.5,0.1,7.02
153,"Eliaquim MangalaManchester City, 24, D(C)",24(1),2189,-,2,3,1,0.6,88.6,2.2,1,1.7,1.6,0.8,0.9,5.9,0.8,0.5,1,0.6,0.2,0.3,0.3,-,0.6,0.4,0.2,36.5,88.6,-,1.3,-,7.07
152,"Morgan SchneiderlinSouthampton, 25, DM(C)",24(2),2188,4,1,5,1,1.2,89.3,1.8,3,3.7,2.6,1.8,-,1.7,1.3,0.2,-,1.2,0.8,0.6,0.7,-,0.8,0.6,0.8,61.2,89.3,0.3,5.1,-,7.51
151,"Daley BlindManchester United, 25, D(CL),DM(C),M(L)",25,2172,2,2,4,-,1.1,87.7,1.3,1,2.3,3.2,1,0.1,2.5,1.1,0.1,-,1.1,0.7,0.3,0.4,-,0.5,0.4,0.7,63.3,87.7,-,4.1,0.1,7.19
150,"Kasper SchmeichelLeicester, 28, GK",24,2160,-,-,-,-,-,41.1,0.1,-,-,0.1,-,-,0.9,-,-,-,-,0.1,0.1,-,-,-,-,0.1,29.4,41.1,-,9.8,-,6.63
149,"Ashley WestwoodAston Villa, 25, DM(C)",25(2),2152,-,1,4,-,0.7,83.7,0.5,-,1.2,1.4,0.9,-,1.8,0.6,0.5,-,0.7,1.3,-,0.4,-,0.5,0.6,1.3,49.1,83.7,0.9,4.1,0.1,6.66
148,"Geoff CameronStoke, 30, D(CLR),DM(C)",21(6),2135,-,1,4,-,0.3,75,1.6,-,2.4,2.1,0.5,0.2,3.1,1.2,0.4,-,0.3,0.4,1,0.7,-,0.9,0.8,0.4,33.6,75,0.4,1.6,-,6.97
147,"Sadio ManéSouthampton, 23, AM(CL)",24(6),2135,10,3,5,-,2,79.7,0.5,4,1.3,0.5,1.1,-,0.2,0.6,-,-,2,1.3,2,2.5,0.8,1.7,2.1,1.3,27.5,79.7,0.4,0.6,0.1,7.07
146,"Aly CissokhoAston Villa, 27, D(L)",24(1),2133,-,-,1,-,0.4,74.7,1.6,-,1.9,1.2,0.9,0.2,4,0.6,0.3,1,0.4,0.3,0.7,0.5,-,0.4,0.5,0.3,32.7,74.7,0.4,1.5,-,6.78
145,"Mauricio IslaQueens Park Rangers, 27, D(R),M(CR)",24(2),2132,-,2,4,-,0.3,74.9,1.3,1,3.1,2.2,0.6,0.3,3,1.1,0.2,-,0.3,1.2,0.6,0.8,0.1,0.7,0.5,1.2,33.7,74.9,0.8,2,-,6.98
144,"Marc WilsonStoke, 28, D(CLR),DM(C)",25(2),2124,-,-,4,1,0.2,79.4,2,-,1.4,1.2,0.9,0.2,6.2,0.7,0.6,-,0.2,0.2,0.2,0.1,-,0.1,0.1,0.2,34.5,79.4,0.1,3.6,-,6.82
143,"Robin van PersieManchester United, 32, FW",25(2),2114,10,2,5,-,2.8,85.2,1.2,3,0.7,0.2,1.3,-,1.1,0.3,0.1,-,2.8,1,0.8,1,0.7,1.5,1.2,1,20.3,85.2,0.1,0.6,0.2,7.11
142,"Paul DummettNewcastle United, 23, D(CL)",24(1),2109,-,-,4,-,0.7,74.4,3.6,-,1.5,1.3,0.5,0.6,6.6,0.4,0.4,1,0.7,0.6,0.1,0.7,-,-,0.3,0.6,33.8,74.4,0.1,2,-,6.89
141,"Enner ValenciaWest Ham, 25, AM(L),FW",25(7),2107,4,3,2,-,2.3,76.6,1.3,1,0.9,0.5,1.1,-,0.2,0.8,0.2,-,2.3,0.6,1.2,1.4,0.9,1.8,2.1,0.6,13.6,76.6,0.1,0.3,-,6.7
140,"Diego CostaChelsea, 26, AM(C),FW",24(2),2085,20,3,8,-,2.9,77.4,1.3,5,0.5,0.2,1.3,-,0.8,0.3,-,-,2.9,1.6,1.1,1,1,2.7,2.2,1.6,27.3,77.4,0.2,0.4,-,7.43
139,"Adam JohnsonSunderland, 28, AM(LR)",23(9),2084,4,1,2,-,0.8,79.4,0.1,-,0.6,0.5,0.5,-,0.3,0.5,-,-,0.8,1.2,1.5,1.1,0.2,1.2,1.1,1.2,23.7,79.4,1.1,1.8,0.1,6.72
138,"Riyad MahrezLeicester, 24, AM(LR)",25(5),2084,4,3,-,-,2.1,73.3,0.7,2,1.4,1,0.9,-,0.1,1.5,0.2,-,2.1,1.5,2.6,1.3,-,1.5,1.4,1.5,24.9,73.3,1.2,1.2,0.3,7.16
137,"Phil BardsleyStoke, 30, D(LR)",24(1),2082,-,1,6,-,0.9,74.8,1.8,1,2.8,1.4,1,0.1,2.9,0.8,0.6,-,0.9,0.7,0.4,1.3,-,0.7,0.9,0.7,28.8,74.8,0.5,1.6,-,6.95
136,"Mile JedinakCrystal Palace, 31, DM(C)",24,2081,5,3,3,1,1.3,66.6,4.7,2,3.3,3.4,2,-,3.5,1.1,0.6,-,1.3,0.6,0.1,1.3,-,0.4,0.2,0.6,39.7,66.6,0.2,2.1,-,7.55
135,"Gareth McAuleyWest Bromwich Albion, 35, D(C)",24,2072,1,-,2,1,0.3,71.4,3.2,-,1.3,1.8,0.4,0.9,6.1,0.3,0.6,-,0.3,0.1,0.2,0.8,-,0.2,0.3,0.1,25.5,71.4,-,2.8,-,6.97
134,"Ashley YoungManchester United, 30, AM(CLR)",23(3),2068,2,5,5,-,1.1,80.9,0.7,4,1.7,1.5,0.9,0.2,1,0.3,0.1,-,1.1,1.3,1.5,1,0.1,0.6,0.9,1.3,33.4,80.9,1.7,2.2,0.1,7.23
133,"Emre CanLiverpool, 21, D(CLR),DM(C)",23(4),2067,1,-,2,1,0.6,83.2,1.6,2,2.9,1.4,1.1,0.3,2.9,0.9,0.2,-,0.6,0.4,1.3,0.7,-,0.7,0.6,0.4,47.5,83.2,0.1,2.7,-,7.05
132,"Dusan TadicSouthampton, 26, AM(CLR)",24(7),2064,4,7,2,-,1.7,78.2,0.3,3,1.3,0.6,1,-,0.2,0.8,0.1,-,1.7,2.2,0.7,0.8,0.4,1.4,1.1,2.2,27.5,78.2,1.7,0.4,0.1,6.98
131,"Gaël ClichyManchester City, 30, D(L)",23,2058,1,3,1,-,0.3,81.5,1,3,2.6,3.4,0.5,0.6,3.4,1,0.3,-,0.3,1.1,1,0.4,0.1,0.7,0.7,1.1,59,81.5,0.3,2.7,-,7.38
130,"Steven NaismithEverton, 28, AM(CLR),FW",22(9),2055,6,-,8,-,1.1,75.1,2.2,1,1.6,0.7,1.3,-,1.5,1.2,0.3,-,1.1,0.8,0.4,1.9,0.3,1.1,1.4,0.8,31.7,75.1,0.2,0.5,0.1,6.8
129,"John StonesEverton, 21, D(CR)",23,2044,1,-,1,-,0.3,89.5,2.6,1,1.4,1.5,0.3,0.7,6,0.2,1.1,-,0.3,0.2,1,0.4,-,0.2,0.3,0.2,45.1,89.5,-,3.2,-,7.17
128,"OscarChelsea, 23, AM(CLR)",26(2),2038,6,8,5,-,2.6,82.6,1.1,1,1.9,0.5,1.3,-,1.1,1.3,0.1,-,2.6,1.3,0.6,0.8,0.1,1.5,1.1,1.3,46.1,82.6,0.2,1.6,0.1,7.2
127,"Angel RangelSwansea, 32, D(R)",22(5),2036,-,-,1,1,0.3,82.4,1.1,-,2,2.5,1,0.1,3.3,1.1,0.5,-,0.3,0.5,0.2,0.4,-,0.4,0.2,0.5,49.7,82.4,0.2,2.6,-,6.89
126,"Dejan LovrenLiverpool, 26, D(C)",22(4),2036,-,-,4,-,0.7,85.2,3.7,1,2,1.8,0.7,0.5,7.8,0.7,0.2,-,0.7,0.1,-,0.6,-,0.2,0.1,0.1,53.4,85.2,-,2.8,-,7
125,"Vincent KompanyManchester City, 29, D(C)",23(2),2034,-,-,7,-,0.2,87.3,1.5,-,1.4,1.8,1.4,0.6,4,0.6,0.6,-,0.2,0.2,0.5,0.3,-,0.2,0.1,0.2,49.3,87.3,-,3.1,-,6.86
124,"Aaron RamseyArsenal, 24, M(CR)",23(6),2010,6,6,6,-,2.2,86,0.6,1,2,1.1,0.8,-,0.8,1.6,0.1,-,2.2,1.6,0.9,1,0.2,1.2,1.5,1.6,56.6,86,0.1,2,0.2,7.07
123,"Jores OkoreAston Villa, 23, D(C)",22(1),2009,1,-,6,-,0.3,86.2,2.1,1,2.2,2.9,0.9,0.7,6.5,0.7,0.7,-,0.3,0.3,0.4,1.5,-,0.4,0.3,0.3,38.8,86.2,-,3,-,7.1
122,"Ciaran ClarkAston Villa, 25, D(CL),DM(C)",22(3),1994,1,2,8,1,0.6,79,3,2,1.6,1.9,0.8,0.8,8,0.2,0.9,-,0.6,0.2,0.4,0.7,-,-,0.4,0.2,36.2,79,-,3,-,7.12
121,"Wes BrownSunderland, 35, D(CR)",23(2),1994,-,-,5,1,0.2,79.3,1.8,1,1.5,1.2,0.6,0.2,5.2,0.6,1,1,0.2,0.2,0.2,0.4,-,0.2,0.2,0.2,34,79.3,-,2.9,-,6.71
120,"Marcin WasilewskiLeicester, 35, D(CR)",22(3),1991,1,1,6,-,0.5,67,2.6,-,2.1,2.8,1.6,0.9,6.6,0.5,0.8,-,0.5,0.2,-,0.5,-,0.1,0.2,0.2,22.6,67,-,2.2,-,7.13
119,"Carlos SánchezAston Villa, 29, DM(C)",20(8),1987,1,-,6,1,0.6,83.1,2.2,-,2.8,1.4,1.6,-,1.6,1.1,0.2,-,0.6,0.3,0.5,0.4,-,0.9,0.8,0.3,45.8,83.1,0.1,3.6,-,6.74
118,"Wilfried ZahaCrystal Palace, 22, AM(LR)",23(8),1982,4,2,1,-,1.3,73.3,0.4,1,1.3,0.8,1.4,-,0.3,0.7,-,-,1.3,0.5,2.8,1.5,0.2,1.4,2,0.5,13.1,73.3,0.6,0.3,-,6.97
117,"Yoan GouffranNewcastle United, 29, AM(CLR),FW",24(7),1973,2,1,3,-,0.8,81.8,1.7,-,1.6,1.3,0.7,-,1,0.5,-,-,0.8,0.6,0.4,0.5,0.1,0.8,0.8,0.6,25.3,81.8,0.2,0.6,-,6.6
116,"Andre WisdomWest Bromwich Albion, 22, D(R)",22(2),1971,-,1,1,-,0.1,78.8,0.8,-,1.1,1.3,0.5,0.4,2.8,0.4,0.3,-,0.1,0.4,0.5,0.3,0.1,0.8,0.4,0.4,37,78.8,0.4,1.5,-,6.61
115,"Ross BarkleyEverton, 21, AM(CL)",22(7),1966,2,2,1,-,1.8,87.9,0.9,1,1.1,0.3,0.7,-,0.4,0.8,0.1,-,1.8,1.1,2.1,1.2,-,1.8,1.2,1.1,39.9,87.9,0.2,2.1,0.2,6.8
114,"Rémy CabellaNewcastle United, 25, AM(CLR)",21(10),1947,1,2,2,-,1.4,82.6,0.3,3,2.4,1.1,1,-,0.1,1.1,-,-,1.4,1.2,2.4,1.9,-,1.7,1.1,1.2,29,82.6,0.5,0.6,0.1,6.99
113,"Jordi GómezSunderland, 30, AM(CLR)",22(7),1942,4,2,7,-,1.1,80.5,0.6,1,1.7,1.5,1.2,-,1.1,1.2,0.2,-,1.1,0.8,0.4,1.8,0.1,0.9,1.2,0.8,34,80.5,0.4,0.8,-,6.74
112,"Nedum OnuohaQueens Park Rangers, 28, D(CR)",22(1),1928,-,-,2,1,0.4,71.7,1.9,-,2.4,1.7,1,0.7,6.2,0.5,0.4,2,0.4,0.3,0.7,0.7,0.1,0.3,0.3,0.3,28.7,71.7,0.1,2.4,-,6.8
111,"Marko ArnautovicStoke, 26, AM(LR),FW",20(9),1918,1,5,2,-,1.5,79.8,0.4,1,1.2,0.9,1.1,-,0.1,0.6,-,-,1.5,1.4,1.3,0.9,0.4,1.2,1.1,1.4,23.9,79.8,0.9,0.8,-,6.75
110,"Matthew JamesLeicester, 24, DM(C)",20(7),1892,-,1,2,1,1,81,1.6,1,1.6,1.9,0.5,0.1,1.4,0.5,0.1,-,1,1.4,0.6,0.7,-,1,0.6,1.4,30.1,81,1.1,1.5,-,6.87
109,"Ritchie de LaetLeicester, 26, D(CR)",20(6),1884,-,1,3,-,0.2,69.4,2,1,2.4,2.7,1,0.2,4.2,1.1,0.5,-,0.2,0.5,0.5,0.7,-,0.2,0.3,0.5,23.7,69.4,0.2,1.5,-,6.99
108,"FernandoManchester City, 28, DM(C)",22(3),1881,2,2,6,-,0.4,91.1,1.6,-,1.4,1.6,1.1,0.2,1.8,1.5,0.4,-,0.4,0.5,0.3,0.4,-,0.7,0.3,0.5,47.6,91.1,0.1,2,-,6.89
107,"Chris SmallingManchester United, 25, D(CR)",21(4),1880,4,-,1,1,0.7,88.6,2.8,2,1.4,2.3,1,0.5,6.2,0.2,0.6,-,0.7,0.2,0.6,0.4,-,0.3,0.2,0.2,48,88.6,-,4.4,-,7.34
106,"James CollinsWest Ham, 32, D(C)",21(6),1879,-,-,5,1,0.3,64.9,3.9,2,1.4,2,0.7,0.6,10.7,0.8,1.1,1,0.3,0.2,-,0.3,-,0.1,0.3,0.2,20.6,64.9,-,1.7,-,7.21
105,"Phil JonesManchester United, 23, D(CR),DM(C)",22,1879,-,-,3,-,0.1,85.3,2.3,3,2.4,3.2,1.2,0.5,7.5,0.6,0.3,-,0.1,0.2,0.7,1.3,-,0.2,0.2,0.2,52.8,85.3,-,5.1,-,7.51
104,"James ChesterHull, 26, D(CR)",23,1876,2,-,5,1,0.4,82,2,-,2.4,2.3,1.1,0.3,4.4,0.9,0.6,-,0.4,0.2,0.3,0.6,-,0.2,0.3,0.2,32.8,82,-,1.9,-,7.03
103,"Richard DunneQueens Park Rangers, 35, D(C)",22(1),1874,-,-,7,-,0.3,64.1,2.7,1,2.7,1.9,1.1,1,8.8,0.6,1.2,1,0.3,0.1,0.2,0.3,-,0.2,0.3,0.1,24,64.1,-,2.7,-,7.07
102,"Ander HerreraManchester United, 26, M(CLR)",19(7),1869,6,4,6,-,1.4,89.2,0.5,4,2.8,2,1.2,-,0.8,1.1,0.3,-,1.4,1,1,1.5,0.1,1,0.5,1,59.8,89.2,0.3,3,0.2,7.33
101,"Nathan DyerSwansea, 27, AM(R)",23(9),1868,3,2,2,-,0.5,84.7,0.3,1,1,0.6,0.7,-,0.2,1,-,-,0.5,0.7,1,1.1,0.2,1.3,1.3,0.7,22.1,84.7,0.3,0.3,-,6.54
100,"Olivier GiroudArsenal, 28, FW",21(6),1867,14,3,5,1,2.6,67.7,3.7,2,1,0.2,1.4,-,0.8,0.6,0.1,-,2.6,1.1,0.3,1.1,0.5,1.9,1.9,1.1,28.3,67.7,0.1,0.3,0.3,7.23
99,"Mesut ÖzilArsenal, 26, AM(CLR)",21(1),1860,4,5,-,-,1.3,88.3,0.2,-,1.3,0.5,0.5,-,0.3,0.7,-,-,1.3,3.1,2.4,1.2,0.4,1.7,1.5,3.1,63.6,88.3,1.8,0.9,0.2,7.57
98,"James TomkinsWest Ham, 26, D(CR)",20(2),1852,1,3,6,-,0.8,75.3,4.6,2,2.1,1.5,0.8,0.7,9.5,0.5,0.7,-,0.8,0.5,0.1,1,-,0.1,0.1,0.5,33.5,75.3,0.1,2.6,-,7.4
97,"Marouane FellainiManchester United, 27, M(C)",19(8),1831,6,-,5,1,1.3,84.7,4.1,3,2.1,0.9,2.3,-,2,1,0.4,-,1.3,0.8,0.5,1.1,0.5,1.4,0.9,0.8,41.3,84.7,0.2,1.1,-,7.16
96,"Matthew PhillipsQueens Park Rangers, 24, AM(LR)",20(5),1823,3,8,1,-,1.7,64.7,1.4,1,1.5,0.5,0.8,-,0.8,0.8,0.1,-,1.7,1.4,1.7,0.5,0.2,2.4,1.8,1.4,20.5,64.7,1.4,0.9,-,6.79
95,"Curtis DaviesHull, 30, D(C)",21,1815,-,-,2,-,0.6,85.6,4.5,4,1.7,3.1,0.7,0.4,10,0.8,0.9,-,0.6,0.1,0.2,0.5,-,0.1,0.3,0.1,26.8,85.6,-,1,-,7.32
94,"Nikica JelavicHull, 30, FW",21(5),1810,8,1,3,-,2.2,67.6,2.8,-,0.3,0.3,1.1,-,0.7,0.7,0.2,-,2.2,0.7,0.1,0.9,0.9,1.3,1.4,0.7,14.7,67.6,-,-,-,6.61
93,"Michael DuffBurnley, 37, D(C)",21,1809,-,-,4,1,0.1,71.2,4,-,1.1,1.6,0.9,0.4,9.5,1,1,-,0.1,0.2,0.2,0.7,-,0.1,0.1,0.2,30.4,71.2,-,4.6,-,7.02
92,"Adam LallanaLiverpool, 27, AM(CLR)",23(4),1792,5,3,4,-,1.4,82.5,0.7,1,1.7,0.4,0.9,-,0.6,1,0.1,-,1.4,1.2,1.1,1.5,0.1,1.7,1.5,1.2,27.6,82.5,0.4,0.6,0.1,6.93
91,"Steven FletcherSunderland, 28, AM(R),FW",20(10),1784,5,2,4,-,1.2,69.3,2.6,2,0.7,0.3,0.8,-,0.6,0.4,0.1,-,1.2,0.6,0.4,1.1,0.3,1.1,2.4,0.6,18.3,69.3,0.1,0.3,-,6.55
90,"Bobby ZamoraQueens Park Rangers, 34, FW",19(12),1783,3,4,4,-,0.9,64.9,1.9,-,0.3,0.2,1.5,-,0.4,0.4,0.1,-,0.9,1.6,0.2,0.6,0.8,1,1.5,1.6,20.4,64.9,0.2,0.6,-,6.49
89,"Andreas WeimannAston Villa, 24, AM(CLR),FW",20(11),1780,3,2,5,-,1.1,81.5,0.5,1,0.8,0.4,0.5,-,0.3,0.4,0.1,-,1.1,0.6,0.3,0.5,0.2,0.5,1,0.6,18.7,81.5,0.2,0.7,-,6.39
88,"Federico FazioTottenham, 28, D(C),DM(C)",20,1777,-,-,2,1,0.6,80.9,4.8,2,1.8,3.4,0.8,1.6,8.3,0.4,1.4,-,0.6,0.2,0.4,0.4,-,0.2,0.5,0.2,44.7,80.9,-,2,-,7.39
87,"Marcos RojoManchester United, 25, D(CL)",20(2),1765,-,-,6,-,0.7,85.5,2.6,1,2.4,2.5,1.1,0.4,6.3,0.5,0.3,-,0.7,0.5,0.3,0.2,-,0.2,0.2,0.5,60.2,85.5,0.2,5.4,-,7.26
86,"Stéphane SessegnonWest Bromwich Albion, 31, AM(CLR),FW",20(8),1765,1,3,5,-,1,84.8,0.5,-,0.8,0.2,0.5,-,0.3,0.6,-,-,1,1.1,1.2,1.9,0.1,2.2,1.3,1.1,24.4,84.8,0.1,0.6,0.1,6.54
85,"Diafra SakhoWest Ham, 25, FW",20(3),1761,10,2,2,-,2.9,55.7,3.7,2,0.9,0.7,1.2,-,0.9,0.3,-,-,2.9,1,1,0.7,1,1.7,3,1,14.9,55.7,0.3,0.2,-,7.11
84,"Robbie BradyHull, 23, D(L),M(L)",17(10),1756,-,2,2,-,0.9,69.2,1.5,1,1.6,1.1,0.6,-,2.3,0.9,0.1,-,0.9,1.3,1.1,1,0.1,0.9,0.6,1.3,27.5,69.2,1.8,1.6,-,6.95
83,"Kevin NolanWest Ham, 33, M(C)",19(10),1747,1,1,2,-,1.1,78.4,0.8,-,1.3,1.2,0.8,-,1.2,1,0.3,-,1.1,0.4,0.1,0.5,0.2,0.7,0.7,0.4,19.8,78.4,-,0.9,-,6.56
82,"James MilnerManchester City, 29, M(CLR)",18(14),1744,5,7,6,-,1.2,79.5,1.2,2,1.7,0.7,0.9,-,0.4,1.2,0.1,-,1.2,1.6,0.6,0.8,0.2,1.6,0.8,1.6,31.5,79.5,0.8,1,0.1,7.02
81,"David MeylerHull, 26, DM(C),M(LR)",19(9),1730,1,1,7,1,0.5,81,1.5,1,2.1,1.3,1.2,-,1.2,1,0.3,-,0.5,0.5,0.4,1.4,-,1,1.1,0.5,29.9,81,0.2,1.4,-,6.62
80,"Yun Suk-YoungQueens Park Rangers, 25, D(L)",19(4),1726,-,-,4,-,0.3,71.2,0.7,-,2,1.8,0.7,0.6,4.2,1.2,0.3,-,0.3,0.4,0.7,1,-,0.7,0.9,0.4,25.3,71.2,0.3,2.5,-,6.66
79,"David NugentLeicester, 30, AM(CLR),FW",16(13),1705,5,2,3,-,1.4,74.2,2,-,0.6,0.3,0.8,-,0.2,0.2,0.1,-,1.4,0.7,0.7,0.7,0.2,1.1,1.2,0.7,19.5,74.2,0.3,0.4,-,6.58
78,"Paul McShaneHull, 29, D(CR)",19(1),1696,1,-,2,-,0.6,77.2,3.2,1,1.5,1.4,0.7,0.3,6.3,0.4,0.5,-,0.6,0.1,0.1,0.7,0.1,0.3,0.4,0.1,31.2,77.2,-,1.6,-,6.91
77,"Maya YoshidaSouthampton, 27, D(C)",18(4),1691,1,1,3,-,0.5,81.1,2.2,1,1.6,2,0.7,0.5,4.1,0.6,0.4,-,0.5,0.2,0.2,0.6,-,0.4,0.4,0.2,45.7,81.1,0.1,3.9,-,6.9
76,"Dean MarneyBurnley, 31, DM(C)",20,1688,-,-,6,-,0.5,83.8,0.6,-,2.6,1.8,1,-,1.2,1.1,0.4,-,0.5,0.6,0.5,0.9,0.1,0.7,0.4,0.6,44.1,83.8,0.3,3.5,-,6.75
75,"Peter CrouchStoke, 34, FW",17(16),1676,8,2,4,-,1.8,63.5,4.6,1,0.3,0.2,0.9,-,1,0.3,0.1,-,1.8,0.5,0.2,0.5,0.4,1.3,1.6,0.5,18.6,63.5,-,-,-,6.76
74,"Danny WelbeckArsenal, 24, AM(CLR),FW",18(7),1667,4,3,3,-,2.3,81.9,1.5,2,1.4,1.1,0.6,-,0.4,0.3,0.1,-,2.3,1.2,1.6,0.6,0.3,1.4,1.8,1.2,21,81.9,-,0.1,0.1,7.19
73,"Francis CoquelinArsenal, 24, M(CLR)",19(3),1663,-,-,5,-,0.2,85.8,2.5,-,3.2,3.7,1.4,-,3,1.2,0.4,-,0.2,0.2,1,0.8,-,1.1,0.6,0.2,45.5,85.8,-,1.5,-,7.47
72,"Kieran GibbsArsenal, 25, D(L)",18(4),1658,-,3,3,-,0.5,81.7,1.4,1,2,2.5,0.8,0.1,2.8,0.5,0.1,1,0.5,0.7,1.4,0.3,-,0.4,0.8,0.7,40.5,81.7,0.6,1,-,7.06
71,"Ron VlaarAston Villa, 30, D(C)",19(1),1647,-,1,3,1,0.7,81.6,1.2,-,0.9,2,0.5,1,5.8,0.2,0.5,-,0.7,0.1,0.2,0.2,-,0.2,0.1,0.1,31.5,81.6,-,3.8,-,6.65
70,"Ángel Di MaríaManchester United, 27, AM(CLR)",20(7),1645,3,10,1,-,2.3,77.8,-,1,0.5,0.6,0.2,-,0.1,0.5,-,-,2.3,1.9,1.7,0.8,0.2,1.2,1.1,1.9,31.3,77.8,1.6,2.5,0.1,7
69,"Bafétimbi GomisSwansea, 30, FW",18(13),1644,7,-,-,-,2.2,79.4,1.4,1,0.4,-,0.8,-,1.1,0.2,0.1,-,2.2,0.4,1,1.2,0.7,1.3,1.3,0.4,14.6,79.4,-,0.5,-,6.62
68,"Stephen QuinnHull, 29, AM(CL)",17(11),1640,1,3,3,1,0.6,84.3,0.5,-,1.1,1.3,0.6,-,0.8,0.7,0.1,-,0.6,0.8,0.2,1.3,0.1,0.9,0.8,0.8,33.8,84.3,0.3,1.2,-,6.51
67,"David OspinaArsenal, 26, GK",18,1620,-,-,-,-,-,57.5,0.1,-,0.1,-,-,-,0.9,-,-,-,-,0.1,-,0.1,-,-,-,0.1,26.8,57.5,-,10.2,-,7.06
66,"Michael KeaneBurnley, 22, D(CR)",17(4),1595,-,1,1,-,0.5,77.7,3.7,-,1,2,0.2,0.4,8.2,0.4,0.4,-,0.5,0.2,0.1,0.2,-,-,0.3,0.2,29.7,77.7,-,2.5,-,7.04
65,"Graham DorransWest Bromwich Albion, 28, M(CLR)",19(2),1594,1,3,5,-,1,82.9,0.5,1,1.1,1.2,1,-,0.5,0.8,0.1,-,1,1.2,0.4,0.8,-,0.8,0.7,1.2,36.3,82.9,0.5,1.6,0.2,6.64
64,"Samir NasriManchester City, 28, AM(CLR)",18(6),1580,2,6,5,-,1.4,90.2,-,2,0.9,0.3,0.5,-,0.1,0.7,-,-,1.4,2.2,1.1,0.3,0.4,2.3,0.5,2.2,51.2,90.2,0.8,0.6,0.1,6.94
63,"Calum ChambersArsenal, 20, D(CR)",17(6),1571,1,1,7,1,0.3,82.8,2,-,2.1,2,1.1,0.3,3.4,1.2,0.2,-,0.3,0.5,0.8,0.7,-,0.6,0.7,0.5,38.4,82.8,0.4,1.3,-,7
62,"Jefferson MonteroSwansea, 25, AM(LR)",15(15),1570,1,7,-,-,0.4,74.8,0.3,1,1.2,0.6,0.4,-,0.2,0.5,-,-,0.4,0.9,2.6,1,0.1,0.8,1.3,0.9,13.6,74.8,0.6,0.2,0.1,6.91
61,"Héctor BellerínArsenal, 20, D(R),M(R)",17(3),1562,2,1,5,-,0.3,83.7,0.9,-,2,2.1,0.8,0.1,2.2,0.8,0.3,-,0.3,0.6,1.6,0.2,0.1,1.1,0.8,0.6,37.4,83.7,0.5,0.9,-,7.18
60,"Shane LongSouthampton, 28, AM(R),FW",16(16),1542,5,5,2,-,1.2,67.3,1.5,1,0.7,0.7,0.9,-,0.5,0.4,-,-,1.2,0.7,0.3,1,0.6,0.9,1.1,0.7,13.8,67.3,0.5,0.2,-,6.69
59,"Andrew RobertsonHull, 21, D(L),M(L)",17(7),1527,-,2,7,-,0.4,76.3,0.4,-,2.1,1.7,0.5,-,2.1,1.3,0.3,-,0.4,0.7,0.9,0.3,-,0.4,0.8,0.7,26.8,76.3,0.6,1.6,-,6.72
58,"Charlie AdamStoke, 29, M(C)",15(14),1508,7,1,5,-,2.1,76.6,0.8,1,1.8,0.7,1.3,-,0.9,0.8,0.1,-,2.1,1.1,0.7,1,-,1,1.1,1.1,26.2,76.6,0.9,2.9,-,6.92
57,"Alex Oxlade-ChamberlainArsenal, 22, M(CLR)",17(6),1495,1,1,4,-,1.4,81.4,0.3,2,1.1,1.1,0.6,-,0.3,0.6,0.1,-,1.4,1.5,3.6,0.5,-,1.2,1.6,1.5,30.8,81.4,0.8,1.2,0.1,7.15
56,"Daniel DrinkwaterLeicester, 25, DM(C)",16(7),1488,-,-,1,-,0.7,79.4,0.7,-,2.3,1.7,1.3,-,1.4,1,0.2,-,0.7,0.4,0.7,0.5,-,0.8,1.1,0.4,41,79.4,0.3,1.9,-,6.7
55,"Jack RodwellSunderland, 24, DM(C),M(R)",17(6),1487,3,-,5,-,1.3,84.1,0.8,-,1.5,0.6,1.1,-,1.7,0.6,0.6,-,1.3,0.2,0.6,0.7,-,0.5,0.3,0.2,23,84.1,-,1.2,-,6.63
54,"Aleksandar KolarovManchester City, 29, D(L),M(L)",16(5),1486,2,3,4,-,1.3,80.6,1.2,2,1.9,2,1.1,-,1.5,0.7,0.2,-,1.3,1.1,0.7,0.9,0.1,0.6,0.5,1.1,38.7,80.6,1.6,2,-,7.32
53,"James Ward-ProwseSouthampton, 20, M(CR)",16(9),1478,1,6,-,1,1.2,87.3,0.4,-,0.8,0.6,0.9,-,0.5,0.8,-,-,1.2,1.4,0.2,0.4,-,1.1,0.6,1.4,27.3,87.3,1.2,1.1,-,6.65
52,"Joe AllenLiverpool, 25, M(C)",16(5),1471,1,-,3,-,0.6,87.9,0.3,-,2.6,1.5,1,-,0.8,1,0.1,-,0.6,0.7,0.7,1.1,-,1.3,1.1,0.7,40.8,87.9,0.2,1.1,-,6.81
51,"Michael CarrickManchester United, 34, D(C),DM(C)",16(2),1457,1,2,1,-,0.4,89.6,0.8,-,1.4,1.7,0.4,0.3,2,0.6,0.6,-,0.4,0.4,0.1,0.6,-,0.1,0.3,0.4,60.5,89.6,-,5.9,0.1,7.06
50,"Mathieu FlaminiArsenal, 31, DM(C)",15(8),1456,1,1,3,-,0.3,91.3,1,-,1.9,2.1,0.9,0.1,1.4,0.7,0.3,-,0.3,0.2,0.1,0.5,-,0.5,0.1,0.2,37.6,91.3,-,0.9,-,6.73
49,"Victor MosesStoke, 24, AM(CLR)",19,1455,3,3,3,-,2.2,81.5,0.8,3,1.7,1.2,1.1,-,0.4,0.4,-,-,2.2,1.7,3.3,1.8,0.2,1.8,1.9,1.7,21.1,81.5,1.6,0.4,-,7.45
48,"Alex BruceHull, 30, D(C)",17(5),1450,-,1,3,-,-,75.5,2.6,-,1,1.1,0.6,0.4,6.7,0.4,1,-,-,-,-,0.2,-,-,0.1,-,17.6,75.5,-,1.4,-,6.79
47,"Charles N'ZogbiaAston Villa, 29, AM(CLR)",19(8),1432,-,2,3,-,1,80.8,0.4,-,0.5,0.2,1.1,-,0.2,0.3,-,-,1,0.6,0.9,0.6,0.1,2,1.5,0.6,19.7,80.8,0.3,0.3,-,6.37
46,"Kevin MirallasEverton, 27, AM(CLR),FW",18(11),1424,7,1,3,-,1.8,84.4,0.1,-,0.7,0.2,0.6,-,-,0.6,-,-,1.8,0.6,0.9,0.7,0.4,1,0.9,0.6,16.4,84.4,0.5,1,-,6.55
45,"Sammy AmeobiNewcastle United, 23, AM(L)",15(10),1423,2,2,2,-,1,66.3,2.3,1,2,1.4,1.4,-,1.1,0.6,0.1,-,1,0.8,2,0.8,-,1.4,1.5,0.8,20.6,66.3,0.7,0.7,-,7.07
44,"Clint HillQueens Park Rangers, 36, D(CL)",15(4),1410,1,-,4,-,0.4,64.8,2.4,-,1.4,1.3,1.2,0.1,5.8,0.6,0.5,-,0.4,0.7,0.1,0.4,-,0.2,0.2,0.7,22,64.8,0.4,2.4,-,6.84
43,"Claudio YacobWest Bromwich Albion, 28, DM(C)",16(4),1390,-,-,5,1,0.4,79.3,1.3,-,3.4,2,1.4,-,2.1,2.2,0.6,-,0.4,0.2,0.2,0.8,0.1,0.6,0.2,0.2,26.6,79.3,0.1,1.1,-,6.84
42,"Marc MuniesaStoke, 23, D(CL)",14(5),1387,-,-,3,-,0.3,81.4,1.7,-,2.1,2.1,0.9,0.7,4.5,1.5,0.4,-,0.3,0.2,0.5,0.7,-,0.4,0.6,0.2,29.9,81.4,0.2,1.2,-,6.97
41,"Eduardo VargasQueens Park Rangers, 25, AM(CLR),FW",16(5),1386,3,2,1,-,2,76.1,0.9,-,0.9,0.7,0.6,-,0.4,0.8,-,-,2,0.7,1,1,0.1,1.9,1.1,0.7,24.3,76.1,0.4,0.8,-,6.62
40,"Andy KingLeicester, 26, AM(C)",16(8),1374,2,-,1,-,0.6,81.7,1.5,-,1.9,1.3,0.3,-,1,0.8,0.2,-,0.6,0.2,0.4,0.6,-,0.4,0.7,0.2,26.1,81.7,0.1,1.1,-,6.73
39,"Kieran RichardsonAston Villa, 30, D(L),M(CL)",16(6),1345,-,1,2,1,0.4,75.6,0.8,-,1.1,0.7,0.6,0.1,1.1,0.8,0.3,-,0.4,0.4,0.2,0.3,0.1,0.6,0.5,0.4,22.7,75.6,0.2,1.3,-,6.36
38,"Glen JohnsonLiverpool, 31, D(LR),M(R)",15(4),1331,1,-,2,-,0.4,83,1.6,1,1.6,0.9,0.4,0.1,2.3,0.6,0.2,-,0.4,0.3,1.2,0.7,0.1,0.8,1.2,0.3,35.7,83,0.2,1.5,-,6.79
37,"Lucas LeivaLiverpool, 28, DM(C)",16(4),1315,-,-,4,-,0.6,87.2,1.6,1,3.9,1.6,1.4,-,2.3,1.5,0.3,-,0.6,0.4,0.1,0.5,0.1,0.5,0.7,0.4,52.5,87.2,-,2.1,-,6.96
36,"Abel HernándezHull, 25, FW",15(10),1312,4,1,2,-,2.1,74.2,1,-,0.6,0.2,0.7,-,0.1,0.2,-,-,2.1,0.4,0.6,0.5,0.6,1.5,1.4,0.4,11.9,74.2,-,0.1,-,6.49
35,"Wilfried BonySwansea, 26, FW",16(4),1302,9,2,2,1,3.3,77.5,2.6,2,0.2,0.1,1.5,-,1.6,0.1,0.2,-,3.3,1,0.8,1.9,0.5,2,1.6,1,23.6,77.5,-,0.6,0.3,7.22
34,"Brown IdeyeWest Bromwich Albion, 26, FW",13(11),1299,4,2,2,-,1.3,77,1.2,1,0.3,0.2,1,-,0.7,0.2,-,-,1.3,0.5,0.3,1,0.7,1.8,1.9,0.5,12.1,77,-,-,-,6.36
33,"FalcaoManchester United, 29, FW",14(12),1287,4,4,2,-,1.5,86.2,0.7,-,0.4,0.3,0.8,-,0.3,0.2,0.1,-,1.5,0.7,0.5,1,0.6,1.7,1.7,0.7,15.3,86.2,0.1,0.2,-,6.61
32,"Muhamed BesicEverton, 22, DM(C)",15(8),1286,-,-,8,-,0.8,87.1,0.4,-,2.5,1,1.3,-,1.4,1.8,0.1,-,0.8,0.3,1.4,0.6,-,0.9,0.5,0.3,37.7,87.1,0.1,3.7,-,6.73
31,"Leon OsmanEverton, 34, M(CLR)",13(8),1276,2,2,-,-,1.3,83.5,0.5,1,1,0.7,0.8,0.1,1.1,0.8,-,-,1.3,0.8,0.6,0.9,-,1.1,0.8,0.8,34.6,83.5,0.1,1.1,0.1,6.71
30,"Vurnon AnitaNewcastle United, 26, D(L),DM(C)",17(2),1276,-,-,3,-,0.4,81.1,0.3,-,2.3,2.2,0.9,0.1,1.4,0.5,0.1,-,0.4,0.3,0.5,0.6,-,0.6,0.4,0.3,30.8,81.1,0.2,1.9,-,6.53
29,"Sone AlukoHull, 26, FW",13(12),1242,1,-,2,-,1.2,82.8,-,-,0.5,0.4,0.6,-,0.1,0.5,-,-,1.2,0.5,1,1.2,0.2,2.1,1.4,0.5,15.8,82.8,0.4,0.6,-,6.34
28,"Emmanuel RivièreNewcastle United, 25, AM(R),FW",15(8),1215,1,1,-,-,1.4,78.2,1.3,-,0.4,0.2,0.7,-,0.2,0.2,-,-,1.4,0.7,0.3,0.7,0.1,1.7,1.6,0.7,16.4,78.2,0.1,-,-,6.21
27,"Morgan AmalfitanoWest Ham, 30, AM(CLR),FW",14(10),1183,3,1,3,-,0.8,79.4,0.1,-,0.8,0.6,0.4,-,0.5,0.4,-,-,0.8,0.4,0.6,0.7,0.1,0.8,0.7,0.4,15.4,79.4,0.5,0.5,-,6.49
26,"Fraizer CampbellCrystal Palace, 27, AM(R),FW",13(7),1176,4,-,5,-,1.3,70.8,1.6,-,0.5,0.3,0.9,-,0.1,0.5,0.1,-,1.3,0.4,0.8,1.2,0.5,0.7,1.6,0.4,12,70.8,0.1,0.1,-,6.47
25,"Marouane ChamakhCrystal Palace, 31, AM(C),FW",15(3),1156,2,-,4,-,0.6,72.8,2.9,-,1.6,0.6,2.2,-,1.4,0.9,-,-,0.6,1,0.7,1.6,0.3,1.4,2.1,1,25.9,72.8,-,0.2,0.1,6.7
24,"Papiss Demba CisséNewcastle United, 30, AM(R),FW",11(11),1154,11,1,1,-,2,77.5,0.9,1,0.4,0.1,0.7,-,0.2,0.5,-,-,2,0.3,0.4,0.6,0.4,0.8,1.9,0.3,15.5,77.5,0.1,0.6,-,6.65
23,"Mousa DembéléTottenham, 28, M(CR),FW",10(16),1140,1,1,1,-,0.4,89.3,0.8,-,1,0.8,1.4,-,0.2,0.3,-,-,0.4,0.8,1.4,0.7,-,1.5,0.6,0.8,32.1,89.3,-,0.8,-,6.63
22,"Niko KranjcarQueens Park Rangers, 31, AM(CLR)",11(11),1115,2,1,2,-,1.9,77.4,0.4,-,1.4,0.8,1,-,0.8,1.3,-,-,1.9,0.9,0.7,0.8,-,1.1,0.8,0.9,26.6,77.4,0.6,2.3,-,6.61
21,"RamiresChelsea, 28, M(CLR)",11(12),1102,2,4,4,-,0.7,79.9,1,-,1.2,0.6,0.8,-,1,0.7,-,-,0.7,0.4,0.6,0.8,-,0.8,0.8,0.4,23.6,79.9,-,0.8,-,6.68
20,"Dwight GayleCrystal Palace, 24, AM(L),FW",11(14),1091,5,1,1,-,1.2,69.4,1.2,1,0.6,0.5,0.7,-,0.4,0.2,-,-,1.2,0.6,0.1,1,0.2,0.5,1.2,0.6,10.8,69.4,0.3,0.3,-,6.49
19,"Victor AnichebeWest Bromwich Albion, 27, AM(R),FW",11(10),1035,3,1,-,-,1.2,66.1,2.3,-,0.1,-,0.9,-,0.6,-,-,-,1.2,0.9,0.3,1.3,0.3,1.9,1.4,0.9,14.8,66.1,-,-,-,6.52
18,"Marc AlbrightonLeicester, 25, AM(LR)",10(8),1028,2,3,3,-,0.8,58.1,0.6,2,2.6,1.1,0.8,0.1,0.8,0.9,-,-,0.8,1.7,0.7,0.8,0.1,0.7,1.1,1.7,19.2,58.1,1.9,1.8,-,7.13
17,"Frank LampardManchester City, 37, M(C)",10(22),991,6,1,1,-,1,85.1,0.2,-,0.8,0.4,0.2,-,0.2,0.4,0.1,-,1,0.5,0.3,0.3,-,0.5,0.4,0.5,21.8,85.1,-,0.8,0.1,6.56
16,"Gastón RamírezHull, 24, AM(CLR),FW",11(11),986,1,2,1,1,0.7,83.6,0.5,-,1.5,0.4,0.6,-,0.3,1,-,-,0.7,1,1,1,0.1,1.6,1.3,1,21,83.6,0.7,1.1,0.1,6.6
15,"Leandro BacunaAston Villa, 24, D(R),M(R)",10(9),981,-,5,1,-,0.9,78.6,0.3,1,1.3,0.7,0.8,0.2,0.9,0.8,-,-,0.9,0.9,0.4,0.3,0.1,0.6,0.6,0.9,30.3,78.6,0.9,1.8,-,6.54
14,"Lukas JutkiewiczBurnley, 26, FW",10(15),978,-,2,1,-,1.4,58.8,2.7,-,0.2,0.2,1,-,0.5,0.4,0.1,-,1.4,0.5,0.3,0.8,0.4,1.2,0.9,0.5,11.6,58.8,-,0.1,-,6.35
13,"Lazar MarkovicLiverpool, 21, AM(LR)",11(8),935,2,1,-,-,0.8,81.2,0.1,1,1.3,0.8,0.5,0.1,0.5,0.7,0.1,-,0.8,1.1,1.1,0.6,-,1,1.3,1.1,23,81.2,0.2,0.6,0.1,6.67
12,"Edin DzekoManchester City, 29, FW",11(11),932,4,2,1,-,2,76.8,1.8,1,0.5,0.2,0.6,-,0.6,0.2,0.1,-,2,0.5,0.4,0.4,0.3,1.3,1.2,0.5,16.7,76.8,-,0.4,-,6.63
11,"Carlton ColeWest Ham, 31, FW",8(15),908,2,-,2,-,0.7,58.1,2.3,-,0.2,0.1,1.2,-,0.7,-,-,-,0.7,0.3,0.2,0.3,0.3,0.9,1.3,0.3,9.4,58.1,-,-,-,6.28
10,"Liam BridcuttSunderland, 26, DM(C)",10(8),908,-,2,6,1,0.2,81.3,0.7,-,2.3,1.3,1.2,0.1,0.7,0.8,0.4,1,0.2,0.5,0.4,0.9,-,0.6,0.7,0.5,27.3,81.3,0.2,1.1,-,6.6
9,"Junior HoilettQueens Park Rangers, 25, AM(CLR)",9(13),880,-,-,2,-,1.1,79.4,0.3,-,0.8,0.4,0.6,-,0.3,0.5,-,-,1.1,0.5,0.8,0.6,-,1.3,1,0.5,11.9,79.4,0.1,0.3,0.1,6.24
8,"William BuckleySunderland, 25, AM(R)",9(13),870,-,2,2,-,0.1,75.8,0.1,-,0.7,0.3,0.5,-,0.3,0.5,-,-,0.1,0.5,0.7,1.2,0.4,0.6,0.6,0.5,8.6,75.8,0.3,0.1,-,6.25
7,"Didier DrogbaChelsea, 37, FW",8(20),856,4,1,5,-,1.1,60.3,1.6,-,0.5,0.1,0.5,-,0.4,0.1,0.1,-,1.1,0.5,0.4,0.6,0.4,1.4,1.4,0.5,11.3,60.3,0.1,0.5,-,6.43
6,"Adnan JanuzajManchester United, 20, AM(CLR)",7(11),850,-,-,-,-,1.4,81.9,0.5,-,0.6,0.5,0.7,-,0.4,0.2,0.1,-,1.4,0.9,1.2,1.3,0.1,1,1.4,0.9,17.8,81.9,0.4,0.6,0.1,6.47
5,"Rickie LambertLiverpool, 33, FW",7(18),825,2,2,2,-,0.8,68.1,1.5,-,0.2,-,0.5,-,0.3,0.2,-,-,0.8,0.4,-,0.3,0.5,0.4,1,0.4,10.3,68.1,-,0.1,-,6.33
4,"Chris BairdWest Bromwich Albion, 33, D(CLR),DM(C)",9(10),803,-,-,2,-,0.2,76.1,0.9,-,0.9,0.9,0.5,0.2,2.3,0.2,0.3,-,0.2,0.3,0.2,0.2,-,0.2,0.2,0.3,17.4,76.1,0.2,1.5,-,6.43
3,"Roberto SoldadoTottenham, 30, FW",7(17),796,1,1,1,-,0.9,74.6,0.3,-,0.4,0.2,0.5,-,0.4,0.3,-,-,0.9,0.4,0.1,0.3,0.3,0.4,0.5,0.4,11.8,74.6,-,0.2,-,6.21
2,"John Obi MikelChelsea, 28, DM(C)",6(12),697,-,1,1,-,0.2,90.7,0.4,-,1.2,0.8,0.8,-,0.7,0.8,0.1,-,0.2,0.1,0.4,0.2,-,0.2,0.3,0.1,29.3,90.7,-,1.2,-,6.44
1,"Loïc RemyChelsea, 28, AM(LR),FW",6(13),668,7,-,-,-,1.6,82.5,0.6,-,0.2,0.1,0.5,-,0.3,0.1,-,-,1.6,0.3,0.4,0.5,0.4,0.7,0.4,0.3,12,82.5,0.1,0.2,-,6.58
