R,Name,Apps,Mins,Goals,Assists,Yel,Red,SpG,PS%,AerialsWon,MotM,Rating,Apps,Tackles,Inter,Fouls,Offsides,Clear,Drb,Blocks,OwnG,Rating,R,,Name,Apps,Mins,Goals,Assists,SpG,KeyP,Drb,Fouled,Off,Disp,UnsTch,Rating,R,,Name,Apps,Mins,Assists,KeyP,AvgP,PS%,Crosses,LongB,ThrB,Rating
Aaron Meijers,ADO Den Haag,33,2970,0,5,5,0,0.3,72.1,1.4,0,7.1,33,2.8,2.1,1.1,0.4,2.6,1.4,0.2,0,7.1,71,,"Eric BotteghinGroningen, 27, D(C)",34,3060,3,2,0.8,0.2,0.9,0.4,-,0.3,0.4,7.61,6,,"Eric BotteghinGroningen, 27, D(C)",34,3060,2,0.2,59.9,84.7,0.1,5.2,-,7.61
Adam Maher,PSV Eindhoven,30(1),2401,7,5,3,0,2,83.6,0.6,3,7.34,30(1),1.9,0.8,0.7,0,0.4,0.9,0.2,0,7.34,19,,"Jeffrey GouweleeuwAZ Alkmaar, 24, D(C)",34,3060,1,3,0.6,0.4,0.3,0.4,-,0.4,0.6,7.2,47,,"Jeffrey GouweleeuwAZ Alkmaar, 24, D(C)",34,3060,3,0.4,45.8,78,0.1,3.6,-,7.2
Adil Auassar,Excelsior,29(2),2521,4,3,6,0,1.7,63.6,1.9,1,6.84,29(2),1.6,1.3,1.5,0,1.9,0.7,0.3,0,6.84,145,,"Jelle ten RouwelaarNAC Breda, 34, GK",34,3060,-,-,-,-,-,0.1,-,-,-,6.58,208,,"Jelle ten RouwelaarNAC Breda, 34, GK",34,3060,-,-,32.4,52.2,-,9.7,-,6.58
Adnane Tighadouini,NAC Breda,31(2),2655,14,3,3,0,3.2,72.7,0.8,5,7.19,31(2),1.2,0.8,1.2,0,0.5,0.8,0.1,0,7.19,50,,"Kristoffer NordfeldtHeerenveen, 26, GK",34,3060,-,-,-,-,-,0.1,-,-,-,6.9,123,,"Kristoffer NordfeldtHeerenveen, 26, GK",34,3060,-,-,32.1,56.1,-,8.8,-,6.9
Albert Rusnák,Cambuur,17,1477,4,2,2,0,1.8,82.1,0,2,7.24,17,0.8,1.4,1.3,0,0.1,0.3,0.1,0,7.24,31,,"Sander FischerExcelsior, 26, D(C)",34,3056,1,1,0.3,0.2,0.5,1.1,-,0.3,0.4,7.08,79,,"Sander FischerExcelsior, 26, D(C)",34,3056,1,0.2,32,79.1,-,3.5,-,7.08
Alex Schalk,Go Ahead Eagles,12(8),1028,4,0,0,0,1.6,73.3,0.2,0,6.44,12(8),0.7,0.7,0.6,0,0.3,0.4,0.1,0,6.44,238,,"Tjaronn CheryGroningen, 27, AM(CLR)",34,3019,15,6,3.9,1.7,0.6,1.6,0.4,2,1.6,7.22,40,,"Tjaronn CheryGroningen, 27, AM(CLR)",34,3019,6,1.7,41.5,81.8,0.9,1.8,0.2,7.22
Ali Messaoud,Willem II,23(4),2081,5,6,5,0,1.9,74.4,1.5,1,6.77,23(4),1.2,0.7,1.4,0,0.7,0.9,0,0,6.77,163,,"Stijn WuytensWillem II, 25, M(C)",34,3014,2,2,1,1.4,0.3,0.6,-,0.7,0.6,7.23,35,,"Stijn WuytensWillem II, 25, M(C)",34,3014,2,1.4,46.6,81.8,1.2,3.9,0.1,7.23
Andreas Bjelland,Twente,26,2244,3,3,6,1,0.7,81.8,5,1,7.27,26,1.3,2.5,1.1,0.4,6.7,0.3,0.4,0,7.27,25,,"Jordens PetersWillem II, 28, D(C)",34,2995,-,1,0.4,0.1,0.2,1.3,-,0.3,0.2,7.07,81,,"Jordens PetersWillem II, 28, D(C)",34,2995,1,0.1,50.9,83.1,0.1,6.9,0.1,7.07
Andrés Guardado,PSV Eindhoven,27(1),2307,1,0,2,0,0.5,83.9,0.6,1,7.18,27(1),2,1.6,0.5,0.1,1.5,1,0.3,0,7.18,51,,"Aaron MeijersADO Den Haag, 27, D(L)",33,2970,-,5,0.3,1,1.1,2.3,0.1,0.8,1,7.1,71,,"Aaron MeijersADO Den Haag, 27, D(L)",33,2970,5,1,38.2,72.1,0.8,2.9,-,7.1
Anwar El Ghazi,Ajax,23(8),2172,9,8,3,0,2.3,76.7,1.2,2,7.21,23(8),0.5,0.3,1.1,0,0.4,0.4,0,0,7.21,41,,"Etiënne ReijnenCambuur, 28, D(CR)",33,2970,1,2,0.4,0.6,0.2,1.5,-,0.3,0.4,7.12,65,,"Etiënne ReijnenCambuur, 28, D(CR)",33,2970,2,0.6,66.7,87,0.1,6.2,-,7.12
Arkadiusz Milik,Ajax,14(7),1266,11,4,4,0,1.9,74.9,1.4,4,7.14,14(7),0.7,0.4,1,0,0.4,0.4,0,0,7.14,61,,"Leonard NienhuisCambuur, 25, GK",34,2970,-,-,-,-,-,0.1,-,-,-,6.63,197,,"Leonard NienhuisCambuur, 25, GK",34,2970,-,-,41.2,57.5,-,10.2,-,6.63
Aron Jóhannsson,AZ Alkmaar,17(4),1516,9,3,1,0,1.5,76.7,0.7,2,6.9,17(4),0.2,0.3,1.4,0,0.5,0.4,0.1,0,6.9,126,,"Kostas LamprouWillem II, 23, GK",33,2954,-,-,-,0.1,-,0.1,-,-,-,6.67,189,,"Kostas LamprouWillem II, 23, GK",33,2954,-,0.1,39.2,66.5,-,11.8,-,6.67
Bart Schenkeveld,Heracles,15(3),1289,0,0,2,0,0,84.4,1.2,0,6.52,15(3),1.5,1.8,0.9,0.4,4,0.1,0.3,0,6.52,228,,"Bart van HintumPEC Zwolle, 28, D(L)",33,2948,1,7,1,1.4,0.3,0.6,0.1,0.2,0.2,7.29,23,,"Bart van HintumPEC Zwolle, 28, D(L)",33,2948,7,1.4,40,81,1.7,3.4,-,7.29
Bart van Hintum,PEC Zwolle,33,2948,1,7,4,1,1,81,1.3,1,7.29,33,1.8,2.4,0.9,0.2,3.3,0.9,0.2,0,7.29,23,,"Joris van OvereemFC Dordrecht, 21, AM(CR)",33(1),2904,2,4,1,1.3,0.6,1.6,0.1,1.7,1.8,6.62,199,,"Joris van OvereemFC Dordrecht, 21, AM(CR)",33(1),2904,4,1.3,35.9,75.7,0.6,2.3,-,6.62
Bart Vriends,Go Ahead Eagles,31,2760,3,0,5,1,0.3,77.4,3.4,0,7.14,31,2.3,2.5,1.3,0.9,7.2,0.6,0.9,0,7.14,59,,"Jasper CillessenAjax, 26, GK",32,2880,-,-,-,-,0.1,0.3,-,-,-,7.15,58,,"Jasper CillessenAjax, 26, GK",32,2880,-,-,31.2,65.4,-,8.8,-,7.15
Bartholomew Ogbeche,Cambuur,30(1),2638,13,2,8,1,3,68.6,3.7,4,7.13,30(1),1.1,0.7,2.2,0,1.5,0.3,0.2,0,7.13,63,,"Jeroen ZoetPSV Eindhoven, 24, GK",32,2880,-,-,-,-,0.1,0.2,-,-,0.1,7.11,69,,"Jeroen ZoetPSV Eindhoven, 24, GK",32,2880,-,-,27.3,72.9,-,8.8,-,7.11
Bas Kuipers,Excelsior,28(2),2573,0,0,3,0,0.1,74.5,0.8,0,6.75,28(2),2.9,1.8,1,0.1,3.6,0.7,0.2,0,6.75,169,,"Martin HansenADO Den Haag, 25, GK",32,2880,-,-,-,-,-,0.3,-,-,0.1,6.84,143,,"Martin HansenADO Den Haag, 25, GK",32,2880,-,-,40.4,59.3,-,10.9,-,6.84
Ben Rienstra,PEC Zwolle,32,2834,5,1,5,0,1.5,80.8,1.3,2,6.95,32,1.7,1.6,1,0,1.6,0.7,0.2,0,6.95,111,,"Sergio PadtGroningen, 25, GK",32,2880,-,1,-,0.1,-,0.2,-,-,-,6.99,96,,"Sergio PadtGroningen, 25, GK",32,2880,1,0.1,35.3,52.5,-,8.5,-,6.99
Ben Sahar,Willem II,26(7),2146,7,4,2,0,1.5,69.7,1.1,2,6.71,26(7),0.5,0.7,0.6,0,0.3,0.6,0,0,6.7,180,,"Maikel KieftenbeldGroningen, 25, DM(C)",33,2879,-,4,0.7,0.6,0.4,1,-,0.7,0.5,6.79,154,,"Maikel KieftenbeldGroningen, 25, DM(C)",33,2879,4,0.6,45,82.7,0.1,2.8,0.1,6.79
Bertrand Traore,Vitesse,27(2),2159,13,4,5,0,4,75.4,1.4,4,7.42,27(2),0.8,0.5,1,0,0.1,0.5,0.1,0,7.42,15,,"Georginio WijnaldumPSV Eindhoven, 24, AM(C)",32(1),2878,14,3,2.5,1.2,1.9,1.3,-,2,1.5,7.47,12,,"Georginio WijnaldumPSV Eindhoven, 24, AM(C)",32(1),2878,3,1.2,33.1,84.4,-,1.6,0.2,7.47
Bram van Polen,PEC Zwolle,32,2755,1,1,6,0,0.5,83.5,1.6,1,7.16,32,2.6,2,1.6,0.2,3.1,1,0.6,0,7.16,55,,"Kamohelo MokotjoTwente, 24, DM(C)",32(1),2875,1,7,0.6,1.1,0.9,1.3,-,1.1,0.8,7.03,83,,"Kamohelo MokotjoTwente, 24, DM(C)",32(1),2875,7,1.1,61.4,88.7,0.1,3.7,0.2,7.03
Bruno Andrade,Willem II,18(9),1618,4,5,2,0,2,77.6,0.4,0,6.75,18(9),0.7,0.7,0.6,0,0.3,0.3,0,0,6.75,172,,"Dion MaloneADO Den Haag, 26, D(R),DM(C)",33,2866,-,6,0.4,0.8,0.8,0.8,0.1,1.2,0.8,6.85,139,,"Dion MaloneADO Den Haag, 26, D(R),DM(C)",33,2866,6,0.8,32.7,74.2,0.4,2.1,0.1,6.85
Bryan Linssen,Heracles,31(2),2718,10,8,6,0,2,67.4,0.8,5,7,31(2),1.5,0.8,2,0,0.8,0.9,0,0,7,94,,"Nemanja GudeljAZ Alkmaar, 23, DM(C)",32,2859,11,3,2.4,0.9,0.9,1.9,0.1,1.3,1.4,7.35,18,,"Nemanja GudeljAZ Alkmaar, 23, DM(C)",32,2859,3,0.9,43.2,81.8,0.5,2.2,-,7.35
Calvin Mac-Intosch,Cambuur,13(7),1242,0,2,1,0,0.2,88,0.9,2,6.8,13(7),1.7,1.7,0.7,0.5,4.5,0.6,0.5,0,6.8,150,,"Jesper DrostPEC Zwolle, 22, AM(C)",32(1),2856,8,8,1.6,1.4,0.8,1,0.2,1.8,1.8,6.9,125,,"Jesper DrostPEC Zwolle, 22, AM(C)",32(1),2856,8,1.4,29.2,78.7,0.1,1.1,0.2,6.9
Celso Ortiz,AZ Alkmaar,24,2005,0,0,2,0,0.5,79.7,1,0,7.08,24,3,3.2,1.2,0.1,1.6,2,0.5,0,7.08,77,,"Jop van der LindenGo Ahead Eagles, 25, D(C)",32,2845,1,4,1,1.2,0.1,0.5,-,0.2,0.1,7.33,21,,"Jop van der LindenGo Ahead Eagles, 25, D(C)",32,2845,4,1.2,42.8,77,1.4,5.8,-,7.33
Christian Kum,Utrecht,26(3),2173,3,0,4,0,0.8,77.4,1.4,1,7.13,26(3),2.6,3.2,1.2,0.4,3.5,0.6,0.2,2,7.13,62,,"Luuk de JongPSV Eindhoven, 25, AM(C),FW",32,2845,20,10,3.7,1.9,0.6,1.4,0.5,2.6,2.8,7.96,1,,"Luuk de JongPSV Eindhoven, 25, AM(C),FW",32,2845,10,1.9,30.4,71.1,-,0.5,0.1,7.96
Colin Kazim-Richards,Feyenoord,25(2),2174,11,5,4,0,3,74.6,2.9,0,7.07,25(2),0.3,0,2.6,0,0.4,0.1,0,0,7.07,80,,"Filip KurtoFC Dordrecht, 24, GK",32,2841,-,1,-,0.1,-,0.1,-,-,0.1,6.73,174,,"Filip KurtoFC Dordrecht, 24, GK",32,2841,1,0.1,36,57.1,-,9.9,-,6.73
Cuco Martina,Twente,31(1),2822,0,1,4,0,0.3,81.5,1.3,0,6.69,31(1),1.3,1.8,1.3,0.4,3.9,0.4,0.2,0,6.69,187,,"Ben RienstraPEC Zwolle, 25, D(C),DM(C)",32,2834,5,1,1.5,0.8,0.6,1,-,1.1,0.8,6.95,111,,"Ben RienstraPEC Zwolle, 25, D(C),DM(C)",32,2834,1,0.8,48.4,80.8,0.1,2.7,-,6.95
Daan Bovenberg,Excelsior,18(1),1608,2,3,2,0,0.5,65.7,1.6,2,7.11,18(1),2.8,2.4,1.5,0.3,6.3,0.9,0.3,0,7.11,67,,"Jan-Arie van der HeijdenVitesse, 27, D(C)",32,2832,2,1,0.6,0.4,0.5,0.5,-,0.5,0.3,7.24,34,,"Jan-Arie van der HeijdenVitesse, 27, D(C)",32,2832,1,0.4,61.2,87.4,-,6.9,-,7.24
Dabney dos Santos,AZ Alkmaar,17(6),1349,2,7,0,0,0.9,68,0.4,0,6.75,17(6),0.9,0.7,0.6,0,0.5,0.5,0,0,6.75,168,,"Luciano SlagveerHeerenveen, 21, AM(R)",33,2826,11,3,2.3,1.1,1.5,1.3,0.2,2.7,2.5,7.08,76,,"Luciano SlagveerHeerenveen, 21, AM(R)",33,2826,3,1.1,22.3,73.9,0.7,0.5,0.1,7.08
Daley Sinkgraven,Heerenveen,20,1740,4,2,3,0,1,79,0.6,3,7.2,20,2.1,1.3,1.1,0,1.1,1.1,0.4,1,7.2,42,,"Cuco MartinaTwente, 25, D(CR)",31(1),2822,-,1,0.3,0.4,0.2,0.8,-,0.5,0.6,6.69,187,,"Cuco MartinaTwente, 25, D(CR)",31(1),2822,1,0.4,50.1,81.5,0.2,3.5,-,6.69
Daniel de Ridder,Cambuur,15(6),1229,2,2,2,0,1.5,82.8,0.1,0,6.73,15(6),0.8,0.3,0.7,0,0.4,0.8,0,0,6.73,173,,"Pele van AnholtHeerenveen, 24, D(LR),DM(C)",32,2815,-,1,0.6,0.3,0.9,1.1,0.2,0.8,0.7,7.01,88,,"Pele van AnholtHeerenveen, 24, D(LR),DM(C)",32,2815,1,0.3,35.4,80.8,0.3,3.6,-,7.01
Danny Bakker,ADO Den Haag,12(8),1110,1,1,0,0,0.6,77.1,1.1,0,6.56,12(8),1.5,1.3,0.5,0,1.4,1.2,0.1,0,6.56,217,,"Dries WuytensWillem II, 24, D(C)",31(1),2790,1,-,0.2,0.1,0.1,0.4,-,0.1,0.2,7.11,70,,"Dries WuytensWillem II, 24, D(C)",31(1),2790,-,0.1,48.1,84.3,-,5.6,-,7.11
Danny Hoesen,Groningen,16(5),1421,2,1,2,1,1.7,70.1,1.1,0,6.3,16(5),0.3,0.1,1.6,0,0.2,0.5,0,0,6.3,250,,"Jordy ClasieFeyenoord, 24, DM(C)",31,2780,2,5,1.2,1.3,0.6,1.3,-,0.8,0.8,7.24,33,,"Jordy ClasieFeyenoord, 24, DM(C)",31,2780,5,1.3,65.2,83.2,0.5,6.1,0.1,7.24
Daryl van Mieghem,Excelsior,20(5),1699,2,4,1,0,1,61.3,0.3,0,6.56,20(5),0.5,0.3,0.5,0,0.5,0.6,0,0,6.56,218,,"Marten de RoonHeerenveen, 24, DM(C)",32,2772,1,-,1.3,1,0.3,0.7,0.1,0.7,0.9,7.13,64,,"Marten de RoonHeerenveen, 24, DM(C)",32,2772,-,1,49.8,74.4,0.2,4.3,-,7.13
Davy Klaassen,Ajax,30,2583,6,9,4,0,1.4,82.3,1.6,2,7.47,30,2.7,1.6,1.4,0,1.8,1.1,0.4,0,7.47,11,,"Bart VriendsGo Ahead Eagles, 24, D(C)",31,2760,3,-,0.3,0.3,0.3,0.9,0.1,0.3,0.5,7.14,59,,"Bart VriendsGo Ahead Eagles, 24, D(C)",31,2760,-,0.3,37.3,77.4,-,4.6,-,7.14
Davy Pröpper,Vitesse,30,2587,5,4,5,1,2.4,77,1.9,3,7.24,30,2.3,1,2.5,0,1.5,1.2,0.2,0,7.24,30,,"Bram van PolenPEC Zwolle, 29, D(R)",32,2755,1,1,0.5,0.8,0.3,0.8,0.1,0.3,0.3,7.16,55,,"Bram van PolenPEC Zwolle, 29, D(R)",32,2755,1,0.8,42.5,83.5,0.6,3.7,-,7.16
Deniz Turuc,Go Ahead Eagles,28(1),2444,2,2,4,1,2.1,79.8,0.7,0,6.71,28(1),1.9,1.2,0.8,0,0.9,1,0.2,0,6.71,179,,"Simon PoulsenAZ Alkmaar, 30, D(L)",32,2749,3,3,0.3,0.7,2,0.4,0.1,0.4,0.8,7.24,32,,"Simon PoulsenAZ Alkmaar, 30, D(L)",32,2749,3,0.7,34.5,72.6,0.3,1.6,0.1,7.24
Denni Avdic,Heracles,13(9),1252,4,1,0,0,1.3,70.1,2.4,1,6.58,13(9),1,0.2,1.5,0,0.8,0.5,0.1,0,6.58,207,,"Mike van DuinenADO Den Haag, 23, AM(LR),FW",31(2),2748,5,2,1.7,0.7,0.6,1.3,0.2,1,2,6.6,201,,"Mike van DuinenADO Den Haag, 23, AM(LR),FW",31(2),2748,2,0.7,11.9,63.5,0.2,0.3,-,6.6
Dennis Telgenkamp,Heracles,22,1980,0,0,1,0,0,62,0.1,1,6.48,22,0,0,0,0,0.5,0,0,0,6.48,234,,"Sven van BeekFeyenoord, 21, D(C)",31,2746,1,1,0.5,0.3,0.2,0.6,-,0.3,0.5,7.27,24,,"Sven van BeekFeyenoord, 21, D(C)",31,2746,1,0.3,63.4,87.9,0.2,7.5,-,7.27
Denys Oliynyk,Vitesse,22(8),2024,3,4,2,0,1.7,80.4,0.9,0,6.93,22(8),1.2,0.5,0.6,0,0.4,0.7,0,0,6.93,117,,"Jeff StansExcelsior, 25, AM(C)",32(2),2743,10,3,1.1,1.4,0.5,0.9,0.1,1.5,1.2,6.78,157,,"Jeff StansExcelsior, 25, AM(C)",32(2),2743,3,1.4,29.7,72,0.8,2.6,0.1,6.78
Dion Malone,ADO Den Haag,33,2866,0,6,6,0,0.4,74.2,1.3,0,6.85,33,2.4,1.5,1.3,0.2,2.1,0.9,0.2,0,6.85,139,,"Sjoerd OvergoorGo Ahead Eagles, 26, M(C)",31,2738,1,-,0.7,0.7,0.8,0.7,-,1.1,1,6.78,156,,"Sjoerd OvergoorGo Ahead Eagles, 26, M(C)",31,2738,-,0.7,38.2,80.6,-,2.5,-,6.78
Dirk Marcellis,NAC Breda,17,1512,0,0,3,0,0.2,75.3,2.5,2,7.2,17,2.2,3.4,0.8,0.5,9.8,0.9,0.7,0,7.2,44,,"Yassin AyoubUtrecht, 21, DM(C)",31,2727,5,6,1.4,2.7,1.1,1.9,-,2.2,1.5,7.41,17,,"Yassin AyoubUtrecht, 21, DM(C)",31,2727,6,2.7,40.2,80.7,2,1.6,0.2,7.41
Doke Schmidt,Heerenveen,8(14),910,0,0,2,0,0.2,73.2,0.6,0,6.58,8(14),1.4,1.7,1,0.3,2.5,0.4,0.3,0,6.58,205,,"Marko VejinovicVitesse, 25, M(C)",31,2726,10,8,2.1,2.1,1,1.4,-,0.7,0.9,7.73,3,,"Marko VejinovicVitesse, 25, M(C)",31,2726,8,2.1,59.7,83.9,1.5,5,0.1,7.73
Dries Wuytens,Willem II,31(1),2790,1,0,4,0,0.2,84.3,2.7,0,7.11,31(1),1.7,2.9,1.1,0.9,6.1,0.5,0.9,0,7.11,70,,"Hakim ZiyechTwente, 22, AM(CR)",31,2723,11,16,3.6,2.7,1.5,1.8,0.4,1.8,2.1,7.61,7,,"Hakim ZiyechTwente, 22, AM(CR)",31,2723,16,2.7,35.7,73.1,1.9,2.2,0.3,7.61
Eloy Room,Vitesse,23,2070,0,0,0,0,0,56.1,0.1,0,6.86,23,0,0,0,0,0.8,0,0,0,6.86,135,,"Robbin RuiterUtrecht, 28, GK",31,2722,-,-,-,-,0.1,0.1,-,-,0.1,6.86,138,,"Robbin RuiterUtrecht, 28, GK",31,2722,-,-,34.6,57.6,-,10.4,-,6.86
Elvis Manu,Feyenoord,15(11),1428,7,4,3,0,2.1,74.8,0.1,2,6.96,15(11),1,0,1.4,0,0.1,0.3,0,0,6.96,107,,"Stefano MarzoHeerenveen, 24, D(R)",31,2720,-,2,0.1,0.4,0.5,0.3,-,0.4,0.4,7.02,87,,"Stefano MarzoHeerenveen, 24, D(R)",31,2720,2,0.4,42.9,79.3,0.2,2.7,-,7.02
Eric Botteghin,Groningen,34,3060,3,2,4,0,0.8,84.7,2.9,8,7.61,34,2.7,3.3,1.4,0.6,9.6,1,1.1,1,7.61,6,,"Bryan LinssenHeracles, 24, AM(LR)",31(2),2718,10,8,2,1.5,0.5,0.7,0.4,1,1.7,7,94,,"Bryan LinssenHeracles, 24, AM(LR)",31(2),2718,8,1.5,23.4,67.4,0.9,0.9,0.1,7
Erik Bakker,Cambuur,22(5),1860,5,0,2,0,1.1,82.5,0.3,1,6.41,22(5),1.3,0.5,0.9,0.1,0.8,0.7,0.1,0,6.41,242,,"Mohamed El MakriniCambuur, 28, M(C)",32,2712,-,1,0.5,0.4,0.2,1.3,-,0.9,1.1,6.85,141,,"Mohamed El MakriniCambuur, 28, M(C)",32,2712,1,0.4,41,79.9,0.1,2.2,-,6.85
Erik Falkenburg,NAC Breda,24(3),2126,5,1,2,0,1.9,78.7,2.3,0,6.56,24(3),1.2,0.4,1.2,0,0.5,0.8,0.1,0,6.56,221,,"Rochdi AchentehVitesse, 27, D(L)",30(3),2707,1,5,0.4,1.2,0.7,1.2,-,0.5,0.9,7.01,89,,"Rochdi AchentehVitesse, 27, D(L)",30(3),2707,5,1.2,50.1,82.7,0.2,5.4,-,7.01
Esteban,AZ Alkmaar,26,2340,0,0,1,0,0,53.8,0.2,2,6.69,26,0,0.2,0,0,1.5,0.1,0,0,6.69,185,,"Kenneth VermeerFeyenoord, 29, GK",30,2700,-,-,-,-,-,0.3,-,-,-,6.44,239,,"Kenneth VermeerFeyenoord, 29, GK",30,2700,-,-,31.9,67.1,-,8.8,-,6.44
Etiënne Reijnen,Cambuur,33,2970,1,2,7,0,0.4,87,2.8,2,7.12,33,2.1,2.6,1.2,1,6.2,0.7,0.4,0,7.12,65,,"Warner HahnPEC Zwolle, 23, GK",30,2700,-,-,-,0.1,-,-,-,-,-,7,93,,"Warner HahnPEC Zwolle, 23, GK",30,2700,-,0.1,39.6,62.6,-,9.4,-,7
Everon Pisas,FC Dordrecht,16(9),1386,2,1,2,0,0.6,74.1,0.8,0,6.41,16(9),0.6,0.4,0.6,0.1,0.6,0.6,0,0,6.41,244,,"Terence KongoloFeyenoord, 21, D(CL)",30(1),2684,-,1,0.7,0.2,0.4,1.2,-,0.1,0.4,7.25,28,,"Terence KongoloFeyenoord, 21, D(CL)",30(1),2684,1,0.2,59,87.2,0.1,3.5,-,7.25
Fahd Aktaou,Heracles,19(2),1639,0,0,3,0,0.2,71.8,0.4,1,6.88,19(2),3.2,2.4,1,0.1,3,0.8,0.3,0,6.88,128,,"Michiel KramerADO Den Haag, 26, FW",31(1),2681,17,1,2.4,0.7,0.3,1.3,1.1,0.8,1.3,7.19,49,,"Michiel KramerADO Den Haag, 26, FW",31(1),2681,1,0.7,20.6,64.1,0.1,0.3,-,7.19
Fernando Lewis,Go Ahead Eagles,11(6),983,2,1,1,0,0.9,72.1,1.6,1,6.64,11(6),1.7,1.7,0.9,0,0.6,0.7,0,0,6.64,194,,"Mark UthHeerenveen, 24, FW",32,2679,15,10,3.4,1.3,1.3,1.7,0.9,1.9,3.2,7.17,54,,"Mark UthHeerenveen, 24, FW",32,2679,10,1.3,21.7,70.9,0.1,0.7,0.2,7.17
Filip Kurto,FC Dordrecht,32,2841,0,1,3,0,0,57.1,0.1,0,6.73,32,0,0.1,0,0,1.8,0.1,0,0,6.73,174,,"Mark-Jan FledderusHeracles, 32, D(L),M(CL)",31(2),2673,1,2,1.1,0.8,0.6,1.6,0.1,0.7,0.7,6.72,178,,"Mark-Jan FledderusHeracles, 32, D(L),M(CL)",31(2),2673,2,0.8,31.7,78.3,0.5,2.4,-,6.72
Frank van der Struijk,Willem II,25(4),2355,1,1,3,0,0.3,73.7,1.3,0,6.92,25(4),1.8,4,1,0.1,2.6,0.7,0.4,0,6.92,120,,"Gianni ZuiverloonADO Den Haag, 28, D(CR)",30(2),2658,1,-,1.3,0.3,1.2,0.9,-,0.9,0.8,7,95,,"Gianni ZuiverloonADO Den Haag, 28, D(CR)",30(2),2658,-,0.3,36.3,82.1,0.2,3.3,-,7
Funso Ojo,FC Dordrecht,19,1594,0,0,4,0,0.5,77.3,1.5,0,6.56,19,2.1,1.5,2,0.2,1.8,0.9,0.2,1,6.56,220,,"Adnane TighadouiniNAC Breda, 22, AM(L)",31(2),2655,14,3,3.2,1.5,2.2,1.9,0.1,1.8,3.2,7.19,50,,"Adnane TighadouiniNAC Breda, 22, AM(L)",31(2),2655,3,1.5,24.9,72.7,1.2,1.5,0.1,7.19
Furdjel Narsingh,Cambuur,19(4),1756,0,8,0,0,1.9,81.2,0.1,1,6.99,19(4),0.4,0.3,0.3,0,0.2,0.3,0,0,6.99,97,,"Jeffrey BrumaPSV Eindhoven, 23, D(CR)",29(2),2643,3,2,1,0.2,0.5,0.6,-,0.3,0.5,7.23,36,,"Jeffrey BrumaPSV Eindhoven, 23, D(CR)",29(2),2643,2,0.2,47,88.7,-,3.7,0.1,7.23
Georginio Wijnaldum,PSV Eindhoven,32(1),2878,14,3,0,0,2.5,84.4,0.6,2,7.47,32(1),1,0.8,0.7,0,0.8,0.4,0.2,0,7.47,12,,"Tom van WeertExcelsior, 25, FW",32,2643,13,2,2.7,1,0.3,1.5,0.7,1.8,1.8,6.97,105,,"Tom van WeertExcelsior, 25, FW",32,2643,2,1,20.8,68.1,0.2,0.7,-,6.97
Gévero Markiet,Utrecht,21(8),1885,3,1,0,0,0.9,82.3,3.3,0,6.97,21(8),0.8,2.2,0.6,0.5,5.6,0.3,0.2,1,6.97,106,,"Bartholomew OgbecheCambuur, 30, FW",30(1),2638,13,2,3,1.1,0.6,1.5,0.5,1.9,2.6,7.13,63,,"Bartholomew OgbecheCambuur, 30, FW",30(1),2638,2,1.1,26.9,68.6,0.2,1.1,-,7.13
Gianni Zuiverloon,ADO Den Haag,30(2),2658,1,0,5,1,1.3,82.1,1.5,3,7,30(2),2.7,1.8,1.6,0.5,3.8,1.1,0.3,0,7,95,,"Jeffry FortesFC Dordrecht, 26, D(R),DM(C)",30(1),2631,3,1,0.8,0.5,0.8,1.1,-,0.5,0.6,7.03,85,,"Jeffry FortesFC Dordrecht, 26, D(R),DM(C)",30(1),2631,1,0.5,36.5,71.6,0.2,3.2,-,7.03
Giliano Wijnaldum,Go Ahead Eagles,17(2),1454,0,1,3,1,0.1,78.8,0.7,0,6.62,17(2),1.8,2.8,1.5,0.2,3.3,0.4,0.1,1,6.62,198,,"Joost van AkenHeerenveen, 21, D(CL)",30,2630,-,-,0.5,0.1,0.7,0.4,-,0.2,0.5,7.26,26,,"Joost van AkenHeerenveen, 21, D(CL)",30,2630,-,0.1,43.8,78.4,-,4.4,-,7.26
Gino Coutinho,Excelsior,19,1710,0,0,0,0,0,57.6,0.2,0,6.52,19,0,0.2,0,0,0.8,0.1,0,0,6.52,229,,"Lex ImmersFeyenoord, 29, AM(C)",30,2630,7,4,2.4,1.7,0.3,1.4,0.4,1.2,1.4,7.24,29,,"Lex ImmersFeyenoord, 29, AM(C)",30,2630,4,1.7,39.5,76.3,0.2,1.7,0.1,7.24
Giovanni Korte,FC Dordrecht,16(1),1327,3,0,0,0,1.6,69.3,0.4,0,6.66,16(1),0.9,0.8,1.1,0,0.5,0.7,0,0,6.66,190,,"Miquel NelomFeyenoord, 24, D(L)",30,2625,-,2,0.4,1,0.7,1,-,0.8,1,7.08,78,,"Miquel NelomFeyenoord, 24, D(L)",30,2625,2,1,46.3,82.4,0.9,5.9,-,7.08
Guram Kashia,Vitesse,24(2),2200,1,2,7,0,0.7,83.4,3.2,3,7.57,24(2),3,2.9,0.8,0.6,7.3,0.6,0.7,0,7.57,10,,"Roland AlbergADO Den Haag, 25, AM(CL)",29(3),2607,8,9,2.2,1.5,0.4,1.8,0.1,1.3,1.4,6.98,101,,"Roland AlbergADO Den Haag, 25, AM(CL)",29(3),2607,9,1.5,28.6,77.8,1.5,2.1,0.2,6.98
Guus Hupperts,AZ Alkmaar,13(15),1382,2,1,4,0,1.3,68.9,0.4,0,6.57,13(15),0.9,0.6,0.7,0,0.4,0.5,0,0,6.57,215,,"Davy PröpperVitesse, 23, M(C)",30,2587,5,4,2.4,2.2,1.3,1.6,0.1,2.1,1.7,7.24,30,,"Davy PröpperVitesse, 23, M(C)",30,2587,4,2.2,47.7,77,0.1,2.7,0.2,7.24
Hakim Ziyech,Twente,31,2723,11,16,4,0,3.6,73.1,0.8,6,7.61,31,2.2,1,1.8,0,0.1,1.5,0.1,0,7.61,7,,"Davy KlaassenAjax, 22, M(C)",30,2583,6,9,1.4,1.4,0.4,1.5,-,1.1,1.2,7.47,11,,"Davy KlaassenAjax, 22, M(C)",30,2583,9,1.4,49.3,82.3,0.1,1.8,0.3,7.47
Hans Hateboer,Groningen,18(5),1703,0,2,3,0,0.3,78.9,1,0,6.75,18(5),2.3,1.5,1.4,0,3.7,0.6,0.2,1,6.75,170,,"Johan KappelhofGroningen, 25, D(CR)",29,2576,-,-,-,0.2,0.4,0.3,-,0.4,0.3,6.78,160,,"Johan KappelhofGroningen, 25, D(CR)",29,2576,-,0.2,43.2,84.1,0.3,2.5,-,6.78
Henrico Drost,NAC Breda,18,1608,0,0,2,0,0.1,87.6,2.2,0,6.77,18,0.9,2.6,0.4,0.6,7.6,0.3,0.6,0,6.77,162,,"Bas KuipersExcelsior, 21, D(L)",28(2),2573,-,-,0.1,0.3,0.4,1,-,0.4,0.7,6.75,169,,"Bas KuipersExcelsior, 21, D(L)",28(2),2573,-,0.3,25.9,74.5,0.3,2,-,6.75
Ilias Haddad,FC Dordrecht,23(2),1964,0,0,6,2,0.5,81.9,2.5,0,6.56,23(2),1.8,1.8,2,0.7,5.5,0.6,0.3,0,6.56,216,,"Maikel van der WerffPEC Zwolle, 26, D(C)",29(4),2570,4,1,0.9,0.4,0.1,0.6,-,0.4,0.2,7.25,27,,"Maikel van der WerffPEC Zwolle, 26, D(C)",29(4),2570,1,0.4,46.9,84.3,0.1,5.1,0.1,7.25
Iliass Bel Hassani,Heracles,16(15),1806,4,5,2,0,1.6,74.1,0.3,1,6.83,16(15),1,0.6,0.4,0,0.2,0.4,0.1,0,6.83,148,,"Memphis DepayPSV Eindhoven, 21, AM(L)",30,2565,22,5,5.4,2,2.7,1.6,0.8,2.5,3.1,7.92,2,,"Memphis DepayPSV Eindhoven, 21, AM(L)",30,2565,5,2,32,74.7,1.1,1.5,0.2,7.92
Jaïro Riedewald,Ajax,10(9),946,0,0,1,0,0.1,89.9,0.7,0,6.71,10(9),1.8,1.4,0.5,0.1,1.6,0.4,0.2,0,6.71,181,,"Robbie HaemhoutsWillem II, 31, M(C)",31,2560,5,2,1.2,0.9,0.6,0.8,-,1.2,0.9,6.9,124,,"Robbie HaemhoutsWillem II, 31, M(C)",31,2560,2,0.9,30.4,73.4,-,1.9,0.2,6.9
Jan-Arie van der Heijden,Vitesse,32,2832,2,1,5,0,0.6,87.4,2.7,0,7.24,32,2.6,1.7,1.1,0.8,5.1,0.8,0.9,0,7.24,34,,"Karim RekikPSV Eindhoven, 20, D(C)",29,2559,1,-,0.2,0.2,0.1,0.8,-,0.1,0.2,7.16,56,,"Karim RekikPSV Eindhoven, 20, D(C)",29,2559,-,0.2,45.8,88,-,2.9,-,7.16
Jarchinio Antonia,Groningen,22(5),1888,2,7,4,0,0.8,74.4,0.3,1,6.8,22(5),1.3,1,0.3,0,0.4,0.5,0.1,0,6.8,151,,"Jody LukokiPEC Zwolle, 22, AM(R)",28(3),2556,2,3,0.9,1.3,1.5,2.1,0.4,2,1.9,6.88,129,,"Jody LukokiPEC Zwolle, 22, AM(R)",28(3),2556,3,1.3,20.3,75.4,1.7,0.3,-,6.88
Jasper Cillessen,Ajax,32,2880,0,0,0,0,0,65.4,0.1,2,7.15,32,0.1,0,0,0,1,0.1,0,0,7.15,58,,"Luciano NarsinghPSV Eindhoven, 24, AM(R)",31(1),2552,6,10,1.4,1.7,1.8,0.9,0.4,1.7,1.6,7.23,37,,"Luciano NarsinghPSV Eindhoven, 24, AM(R)",31(1),2552,10,1.7,22.2,81,1,0.1,0.1,7.23
Jean-Paul Boëtius,Feyenoord,20(11),1770,4,3,2,0,1.5,79.7,0.6,0,6.79,20(11),1.5,0.5,1.3,0,0,0.4,0,0,6.79,153,,"Robbert SchilderTwente, 29, D(L)",29(1),2550,-,-,0.4,0.7,0.4,0.7,0.1,0.3,0.6,6.85,140,,"Robbert SchilderTwente, 29, D(L)",29(1),2550,-,0.7,36.9,81.7,0.6,2.8,-,6.85
Jeff Stans,Excelsior,32(2),2743,10,3,2,0,1.1,72,0.7,2,6.78,32(2),1.4,0.6,0.9,0,0.6,1.5,0.1,0,6.78,157,,"Mattias JohanssonAZ Alkmaar, 23, D(R)",27(4),2547,1,2,0.6,0.5,1.5,1.1,-,0.5,0.9,7.22,39,,"Mattias JohanssonAZ Alkmaar, 23, D(R)",27(4),2547,2,0.5,34.1,73.9,0.1,1.9,-,7.22
Jeffrey Bruma,PSV Eindhoven,29(2),2643,3,2,2,1,1,88.7,2.2,0,7.23,29(2),1.5,1.9,0.6,0.4,5.2,0.4,0.9,0,7.23,36,,"Karim El AhmadiFeyenoord, 30, DM(C)",29,2543,2,1,1.8,1.2,0.4,0.9,0.2,1.7,1.4,6.97,104,,"Karim El AhmadiFeyenoord, 30, DM(C)",29,2543,1,1.2,51.4,89.8,0.3,1.8,0.1,6.97
Jeffrey Gouweleeuw,AZ Alkmaar,34,3060,1,3,4,0,0.6,78,1.8,3,7.2,34,2.1,3.5,1.1,0.5,6.8,0.6,0.7,1,7.2,47,,"Willem JanssenUtrecht, 29, M(C)",30,2538,3,-,1.1,0.8,0.3,0.9,0.1,1,1,6.84,144,,"Willem JanssenUtrecht, 29, M(C)",30,2538,-,0.8,41.4,80.1,0.1,2.4,-,6.84
Jeffrey Rijsdijk,Go Ahead Eagles,18(7),1578,3,4,0,0,1,74.7,0.4,0,6.42,18(7),0.8,0.6,0.4,0,0.2,0.3,0.1,0,6.42,241,,"Joey van den BergHeerenveen, 29, AM(C)",29,2535,2,5,1.4,1.9,0.9,1.9,0.1,1.9,1.5,7.1,72,,"Joey van den BergHeerenveen, 29, AM(C)",29,2535,5,1.9,43.3,77.1,0.8,3,0.2,7.1
Jeffrey Sarpong,NAC Breda,19(9),1844,2,5,2,0,1.3,80.6,0.3,0,6.77,19(9),1.7,0.8,0.9,0,0.8,0.4,0.1,0,6.77,161,,"Samuel ArmenterosWillem II, 25, AM(R),FW",29,2531,11,2,1.8,1.2,1.3,2.1,0.7,3.6,3.5,6.86,134,,"Samuel ArmenterosWillem II, 25, AM(R),FW",29,2531,2,1.2,20.4,75,0.1,0.6,0.2,6.86
Jeffry Fortes,FC Dordrecht,30(1),2631,3,1,3,0,0.8,71.6,1.7,2,7.03,30(1),2.1,2.7,1,0.3,5.3,1.1,0.2,1,7.03,85,,"Adil AuassarExcelsior, 28, M(C)",29(2),2521,4,3,1.7,1.2,0.8,1,0.2,1.7,1.6,6.84,145,,"Adil AuassarExcelsior, 28, M(C)",29(2),2521,3,1.2,31.1,63.6,0.8,2.2,-,6.84
Jelle ten Rouwelaar,NAC Breda,34,3060,0,0,3,0,0,52.2,0.1,1,6.58,34,0.1,0,0.1,0,1,0,0,0,6.58,208,,"Lucas BijkerCambuur, 22, D(CL)",28(2),2502,-,2,0.5,0.4,0.9,1.4,-,0.4,0.6,6.88,130,,"Lucas BijkerCambuur, 22, D(CL)",28(2),2502,2,0.4,45.8,81.8,-,5.1,-,6.88
Jens Toornstra,Feyenoord,24(5),2066,7,4,0,0,2.5,78.5,0.2,3,7.09,24(5),0.9,0.6,0.8,0,0.7,0.6,0,0,7.09,73,,"Ricardo van RhijnAjax, 24, D(R)",28,2500,2,1,1.2,1.2,0.5,0.4,0.1,0.6,0.9,7.23,38,,"Ricardo van RhijnAjax, 24, D(R)",28,2500,1,1.2,47.5,84.7,0.9,3.8,-,7.23
Jeroen Veldmate,Heracles,21,1835,2,1,3,1,0.8,82.4,2.1,0,7.08,21,1.7,2.7,1.6,0.5,9.1,0.4,0.7,1,7.08,74,,"Mitchell DijksWillem II, 22, D(L)",28,2492,-,1,0.6,0.6,1.4,1.2,-,1.1,0.7,7.08,75,,"Mitchell DijksWillem II, 22, D(L)",28,2492,1,0.6,34.7,77.3,0.6,3.8,-,7.08
Jeroen Zoet,PSV Eindhoven,32,2880,0,0,0,0,0,72.9,0.2,2,7.11,32,0,0,0,0,0.6,0,0,0,7.11,69,,"Jetro WillemsPSV Eindhoven, 21, D(L)",30,2455,2,13,0.7,2.5,1,1.6,0.1,1.3,1.2,7.65,5,,"Jetro WillemsPSV Eindhoven, 21, D(L)",30,2455,13,2.5,34.4,78.5,2.5,3.3,0.3,7.65
Jerson Cabral,Willem II,8(9),721,2,0,2,0,1.1,75.5,0.2,0,6.48,8(9),0.9,0.6,0.5,0,0.3,0.5,0,0,6.48,233,,"Jordan BotakaExcelsior, 22, AM(R),FW",26(7),2445,1,6,1.1,1.1,2,0.6,0.2,2.7,1.8,6.78,158,,"Jordan BotakaExcelsior, 22, AM(R),FW",26(7),2445,6,1.1,23.2,70.7,0.8,0.6,-,6.78
Jesper Drost,PEC Zwolle,32(1),2856,8,8,4,0,1.6,78.7,0.5,2,6.9,32(1),1.1,0.5,1.2,0,0.6,0.6,0.1,0,6.9,125,,"Robin GosensFC Dordrecht, 21, D(L),DM(C)",27(4),2445,2,-,1,0.9,0.6,1,0.1,0.4,1,7.16,57,,"Robin GosensFC Dordrecht, 21, D(L),DM(C)",27(4),2445,-,0.9,26.9,71.5,1,1.8,-,7.16
Jesús Manuel Corona,Twente,27,2309,9,4,3,0,2,77.1,0.9,3,7.58,27,2,1.3,1.1,0,0.3,1,0.1,0,7.58,9,,"Deniz TurucGo Ahead Eagles, 22, AM(CR)",28(1),2444,2,2,2.1,0.9,0.9,2.3,0.1,1.9,1.9,6.71,179,,"Deniz TurucGo Ahead Eagles, 22, AM(CR)",28(1),2444,2,0.9,32.8,79.8,0.2,1.8,-,6.71
Jetro Willems,PSV Eindhoven,30,2455,2,13,9,1,0.7,78.5,0.7,4,7.65,30,1.6,2.3,1.5,0.2,2.1,0.6,0.3,0,7.65,5,,"Wout WeghorstHeracles, 23, FW",27(4),2431,8,5,1.5,1.3,0.2,2,0.6,1.8,1.9,6.96,109,,"Wout WeghorstHeracles, 23, FW",27(4),2431,5,1.3,25.1,67.5,-,0.4,-,6.96
Jody Lukoki,PEC Zwolle,28(3),2556,2,3,7,0,0.9,75.4,0.5,1,6.88,28(3),2,0.5,1.4,0,0.1,0.5,0.1,0,6.88,129,,"Sven NieuwpoortGo Ahead Eagles, 22, D(R)",26(1),2410,1,-,0.4,0.4,0.2,0.4,-,0.3,0.5,6.54,224,,"Sven NieuwpoortGo Ahead Eagles, 22, D(R)",26(1),2410,-,0.4,31.3,78.1,0.3,3.4,-,6.54
Joël Veltman,Ajax,25,2186,4,0,3,0,0.6,88.6,3,3,7.59,25,2,2.3,1.1,0.6,7.6,0.4,0.9,1,7.59,8,,"Adam MaherPSV Eindhoven, 22, DM(C)",30(1),2401,7,5,2,2,0.4,1,0.2,1.7,1.1,7.34,19,,"Adam MaherPSV Eindhoven, 22, DM(C)",30(1),2401,5,2,43.4,83.6,1.6,2.8,0.2,7.34
Joeri de Kamps,NAC Breda,27(2),2354,0,4,12,0,0.5,76.1,0.6,1,7.01,27(2),3.9,3,2.4,0,1.4,2.4,0.3,0,7.01,91,,"Rick KruysExcelsior, 30, DM(C)",28,2390,-,1,0.5,0.5,0.2,0.7,-,0.4,0.4,6.7,182,,"Rick KruysExcelsior, 30, DM(C)",28,2390,1,0.5,29,81.5,0.1,1.9,0.1,6.7
Joey Pelupessy,Heracles,10(7),986,1,0,1,0,0.4,81.4,0.6,0,6.51,10(7),1.8,1.2,1.2,0,0.9,0.4,0.3,0,6.51,230,,"Valeri QazaishviliVitesse, 22, AM(C)",27(6),2365,9,3,2,1.1,1.4,0.7,0.3,2.2,1.8,6.92,119,,"Valeri QazaishviliVitesse, 22, AM(C)",27(6),2365,3,1.1,24.6,87.1,0.1,0.4,0.1,6.92
Joey van den Berg,Heerenveen,29,2535,2,5,9,1,1.4,77.1,1.8,0,7.1,29,2,1.3,2,0.1,1.2,1.1,0.1,0,7.1,72,,"Frank van der StruijkWillem II, 30, D(R)",25(4),2355,1,1,0.3,0.5,0.2,0.4,0.1,0.4,0.6,6.92,120,,"Frank van der StruijkWillem II, 30, D(R)",25(4),2355,1,0.5,32.4,73.7,0.2,3.7,-,6.92
Johan Kappelhof,Groningen,29,2576,0,0,1,1,0,84.1,1.3,0,6.78,29,1.5,2.5,1.2,0.2,5.4,0.5,0.7,2,6.78,160,,"Joeri de KampsNAC Breda, 23, DM(C)",27(2),2354,-,4,0.5,0.9,1.3,1.1,-,1.3,1.1,7.01,91,,"Joeri de KampsNAC Breda, 23, DM(C)",27(2),2354,4,0.9,37,76.1,0.1,3.8,-,7.01
Joost Broerse,PEC Zwolle,14(6),1315,1,0,1,0,0.5,82.9,1.2,0,6.56,14(6),0.7,1.3,0.5,1,3.7,0.5,0.7,0,6.56,219,,"EstebanAZ Alkmaar, 26, GK",26,2340,-,-,-,-,-,0.1,-,-,0.1,6.69,185,,"EstebanAZ Alkmaar, 26, GK",26,2340,-,-,26.4,53.8,-,7.2,-,6.69
Joost van Aken,Heerenveen,30,2630,0,0,5,0,0.5,78.4,2.7,0,7.26,30,2.3,2.6,1.1,1.4,8.3,0.7,0.6,0,7.26,26,,"Thomas BrunsHeracles, 23, AM(C)",29(3),2330,7,3,1.4,0.9,0.7,1.9,0.1,0.9,1.3,6.81,149,,"Thomas BrunsHeracles, 23, AM(C)",29(3),2330,3,0.9,25.8,68.2,0.3,2.2,0.1,6.81
Jop van der Linden,Go Ahead Eagles,32,2845,1,4,4,0,1,77,1.7,5,7.33,32,1.8,3.1,0.7,0.8,7.9,0.5,0.6,1,7.33,21,,"Ramon LeeuwinUtrecht, 27, D(C)",27,2326,-,-,0.8,0.3,0.2,0.7,-,0.1,0.3,6.91,122,,"Ramon LeeuwinUtrecht, 27, D(C)",27,2326,-,0.3,53.7,86.7,-,5.4,-,6.91
Jordan Botaka,Excelsior,26(7),2445,1,6,0,0,1.1,70.7,1.6,0,6.78,26(7),0.8,0.8,0.6,0,0.3,0.6,0.1,0,6.78,158,,"Luc CastaignosTwente, 22, FW",27(2),2314,10,-,2.3,0.7,0.8,2.1,1.2,2.3,2.7,6.77,165,,"Luc CastaignosTwente, 22, FW",27(2),2314,-,0.7,19.3,76.4,0.2,0.2,-,6.77
Jordens Peters,Willem II,34,2995,0,1,4,0,0.4,83.1,2.5,2,7.07,34,1.5,3.2,1.3,0.7,5.6,0.4,0.7,0,7.07,81,,"Jesús Manuel CoronaTwente, 22, AM(LR),FW",27,2309,9,4,2,1.3,3.5,2.3,0.6,2.6,3,7.58,9,,"Jesús Manuel CoronaTwente, 22, AM(LR),FW",27,2309,4,1.3,32.5,77.1,0.6,0.8,0.2,7.58
Jordy Clasie,Feyenoord,31,2780,2,5,9,0,1.2,83.2,0.7,0,7.24,31,2.6,2.2,1.4,0,1.4,1,0.2,0,7.24,33,,"Andrés GuardadoPSV Eindhoven, 28, D(L),M(CL)",27(1),2307,1,-,0.5,1.2,1,1.4,0.1,1.1,0.8,7.18,51,,"Andrés GuardadoPSV Eindhoven, 28, D(L),M(CL)",27(1),2307,-,1.2,52.2,83.9,0.4,4.4,0.2,7.18
Joris van Overeem,FC Dordrecht,33(1),2904,2,4,2,0,1,75.7,0.5,1,6.62,33(1),1.7,1,1.2,0,0.7,0.9,0.2,0,6.62,199,,"Lasse SchöneAjax, 29, AM(CLR)",26(3),2276,8,9,2,1.8,1.2,1.6,0.2,2.4,1.7,7.34,20,,"Lasse SchöneAjax, 29, AM(CLR)",26(3),2276,9,1.8,33.3,83.2,1.6,0.8,0.2,7.34
Jorrit Hendrix,PSV Eindhoven,12(8),1120,1,0,1,1,0.4,79.8,0.6,1,6.83,12(8),1.3,1.8,0.9,0.1,1.6,0.9,0.4,0,6.83,147,,"Thomas KristensenADO Den Haag, 32, DM(C)",28(2),2272,1,1,0.4,1.2,0.8,1.3,-,0.8,0.6,6.99,98,,"Thomas KristensenADO Den Haag, 32, DM(C)",28(2),2272,1,1.2,46.3,82.3,0.3,3.8,-,6.99
Joshua Brenet,PSV Eindhoven,13(5),1238,1,0,1,1,0.3,83.5,0.6,0,7.17,13(5),2.9,1.5,1.7,0.1,2.4,1.1,0.3,0,7.17,52,,"Andreas BjellandTwente, 27, D(C)",26,2244,3,3,0.7,0.5,0.2,0.6,-,0.1,0.4,7.27,25,,"Andreas BjellandTwente, 27, D(C)",26,2244,3,0.5,60.5,81.8,-,5.7,-,7.27
Josimar Lima,FC Dordrecht,19(1),1636,1,1,3,2,0.5,73.6,3.9,0,6.87,19(1),1.8,2,1.2,1.1,8.7,0.4,0.7,1,6.87,132,,"Vytautas AndriuskeviciusCambuur, 24, D(L)",26(1),2236,-,-,0.2,0.6,0.3,1,-,0.4,0.4,6.93,115,,"Vytautas AndriuskeviciusCambuur, 24, D(L)",26(1),2236,-,0.6,40.9,79.5,0.4,4.3,-,6.93
Jules Reimerink,Go Ahead Eagles,11(17),1294,2,1,3,0,0.9,70.5,1.1,0,6.34,11(17),0.9,0.3,0.6,0,0.2,0.4,0.1,0,6.34,248,,"Vito WormgoorADO Den Haag, 26, D(C)",26,2227,-,1,0.7,0.3,0.1,0.3,-,-,0.3,6.59,204,,"Vito WormgoorADO Den Haag, 26, D(C)",26,2227,1,0.3,44.8,81.7,-,5.8,-,6.59
Jürgen Locadia,PSV Eindhoven,5(18),698,6,3,0,0,1,84.2,0.1,1,6.57,5(18),0.2,0.3,0.4,0,0.4,0.3,0,0,6.57,211,,"Sander van de StreekCambuur, 22, M(C)",25(4),2218,7,2,1.9,0.7,0.6,0.7,0.1,1,1.5,6.78,159,,"Sander van de StreekCambuur, 22, M(C)",25(4),2218,2,0.7,25.3,74.6,0.1,1.4,0.1,6.78
Jurgen Mattheij,Excelsior,18(2),1630,0,0,0,1,0.4,78.2,2.1,2,6.97,18(2),1.7,2.5,1,1.2,9.4,0.4,0.4,0,6.97,103,,"Niklas MoisanderAjax, 29, D(C)",25,2205,-,-,0.3,0.3,0.5,0.4,-,0.1,0.4,7.2,45,,"Niklas MoisanderAjax, 29, D(C)",25,2205,-,0.3,70.2,87.5,-,6.1,-,7.2
Kamohelo Mokotjo,Twente,32(1),2875,1,7,4,0,0.6,88.7,0.8,2,7.03,32(1),2.1,2.4,0.7,0,1.3,0.6,0.1,0,7.03,83,,"Guram KashiaVitesse, 28, D(C)",24(2),2200,1,2,0.7,0.5,0.3,0.6,-,0.1,0.2,7.57,10,,"Guram KashiaVitesse, 28, D(C)",24(2),2200,2,0.5,57.8,83.4,-,6.2,-,7.57
Karim El Ahmadi,Feyenoord,29,2543,2,1,5,0,1.8,89.8,0.4,0,6.97,29,2.9,1.2,2.6,0,0.7,0.9,0,0,6.97,104,,"Joël VeltmanAjax, 23, D(C)",25,2186,4,-,0.6,0.2,0.6,1.2,-,0.2,0.5,7.59,8,,"Joël VeltmanAjax, 23, D(C)",25,2186,-,0.2,64.9,88.6,-,5.7,-,7.59
Karim Rekik,PSV Eindhoven,29,2559,1,0,3,0,0.2,88,2,1,7.16,29,1.8,1.7,0.8,0.5,4.8,0.4,1,0,7.16,56,,"Colin Kazim-RichardsFeyenoord, 29, FW",25(2),2174,11,5,3,1.5,0.5,1.9,0.7,1.9,2.6,7.07,80,,"Colin Kazim-RichardsFeyenoord, 29, FW",25(2),2174,5,1.5,23.2,74.6,0.2,0.6,-,7.07
Kelvin Leerdam,Vitesse,14(6),1266,2,1,2,0,1.7,75.7,1.2,0,6.58,14(6),1.3,0.4,1.3,0.1,1.4,0.2,0,0,6.58,206,,"Christian KumUtrecht, 29, D(CLR)",26(3),2173,3,-,0.8,0.7,0.6,0.7,-,0.5,0.8,7.13,62,,"Christian KumUtrecht, 29, D(CLR)",26(3),2173,-,0.7,29.7,77.4,0.5,3.1,-,7.13
Kenneth Vermeer,Feyenoord,30,2700,0,0,1,0,0,67.1,0.3,0,6.44,30,0,0.1,0,0,0.4,0,0,0,6.44,239,,"Anwar El GhaziAjax, 20, AM(R)",23(8),2172,9,8,2.3,1.1,1.9,1.8,0.3,1.8,2.1,7.21,41,,"Anwar El GhaziAjax, 20, AM(R)",23(8),2172,8,1.1,17.7,76.7,1.3,0.2,-,7.21
Kenny Otigba,Heerenveen,17(7),1624,0,2,7,0,0.6,81.8,2.2,3,6.94,17(7),1.3,1.8,1.4,1,4.4,0.2,0.5,0,6.94,114,,"Mike te WierikHeracles, 23, D(CR)",24,2160,-,1,-,0.3,0.2,0.7,-,0.3,0.5,6.94,112,,"Mike te WierikHeracles, 23, D(CR)",24,2160,1,0.3,33.8,80.3,0.2,3.1,-,6.94
Kenny van der Weg,NAC Breda,22(2),1994,1,1,6,0,0.4,75.2,1.9,1,6.95,22(2),2.2,2.5,1.3,0.3,6.5,0.7,0.2,0,6.95,110,,"Bertrand TraoreVitesse, 19, AM(R),FW",27(2),2159,13,4,4,1.4,1.4,0.9,1.1,1.4,2.8,7.42,15,,"Bertrand TraoreVitesse, 19, AM(R),FW",27(2),2159,4,1.4,31.3,75.4,0.1,1.1,-,7.42
Kevin Diks,Vitesse,20(2),1809,0,0,4,0,0.2,80.4,1.3,0,7.2,20(2),3.2,2.5,2.1,0.1,3.6,1.2,0.2,0,7.2,46,,"Ben SaharWillem II, 26, AM(LR),FW",26(7),2146,7,4,1.5,0.7,0.6,1.2,0.6,1,1.6,6.71,180,,"Ben SaharWillem II, 26, AM(LR),FW",26(7),2146,4,0.7,14.5,69.7,0.4,0.6,-,6.71
Kevin Jansen,ADO Den Haag,18(7),1590,0,1,6,0,0.5,75.2,0.7,0,6.45,18(7),1.2,1.1,0.8,0,1.4,0.8,0.2,0,6.45,237,,"Michael de LeeuwGroningen, 28, AM(C),FW",23(5),2145,17,1,1.7,0.8,0.1,0.8,0.3,0.8,1.3,6.92,121,,"Michael de LeeuwGroningen, 28, AM(C),FW",23(5),2145,1,0.8,21,77.7,-,0.4,-,6.92
Kevin van Diermen,Excelsior,17(2),1436,0,1,2,0,0.1,85.3,1.5,0,6.58,17(2),1.4,2.2,0.7,0.7,5.7,0.2,0.4,1,6.58,209,,"Wesley HoedtAZ Alkmaar, 21, D(C)",24,2141,2,-,0.5,0.2,0.4,0.4,-,0.2,0.3,7.44,14,,"Wesley HoedtAZ Alkmaar, 21, D(C)",24,2141,-,0.2,47,80.5,-,6.8,-,7.44
Kevin Vermeulen,Excelsior,2(22),398,2,0,1,0,0.4,64.4,0.1,0,6.18,2(22),0.3,0.2,0.4,0,0.3,0.2,0,0,6.18,253,,"Marvin PeersmanFC Dordrecht, 24, D(CL)",24(2),2134,-,-,0.6,0.3,0.6,1.3,0.1,0.5,0.8,7,92,,"Marvin PeersmanFC Dordrecht, 24, D(CL)",24(2),2134,-,0.3,43.1,74,0.2,3.9,-,7
Khalid Karami,Excelsior,16(2),1487,1,0,2,0,0.4,74.1,0.6,0,6.66,16(2),2.1,2.1,0.9,0.2,3.1,0.7,0.2,0,6.66,191,,"Erik FalkenburgNAC Breda, 27, AM(C),FW",24(3),2126,5,1,1.9,0.7,0.6,0.8,0.4,0.8,1.3,6.56,221,,"Erik FalkenburgNAC Breda, 27, AM(C),FW",24(3),2126,1,0.7,24.5,78.7,0.1,1.2,-,6.56
Kolbeinn Sigthorsson,Ajax,13(8),1195,7,2,1,0,1.7,68,3,0,6.86,13(8),0.5,0.2,0.7,0,0.7,0.3,0,0,6.86,133,,"Youness MokhtarTwente, 24, AM(L)",24(8),2100,5,4,1.8,0.8,1.8,1.7,0.4,1.6,2.2,7.03,84,,"Youness MokhtarTwente, 24, AM(L)",24(8),2100,4,0.8,23.8,78.7,0.5,0.8,0.1,7.03
Kostas Lamprou,Willem II,33,2954,0,0,2,1,0,66.5,0.2,0,6.67,33,0,0.1,0.1,0,0.7,0,0,0,6.67,189,,"Zakaria LabyadVitesse, 22, AM(CLR)",24(5),2089,8,4,3.4,2.1,1.3,0.6,0.2,1.2,1.9,7.19,48,,"Zakaria LabyadVitesse, 22, AM(CLR)",24(5),2089,4,2.1,32.1,78.9,0.9,2.1,0.1,7.19
Kristoffer Nordfeldt,Heerenveen,34,3060,0,0,2,0,0,56.1,0,1,6.9,34,0,0,0,0,0.6,0,0,0,6.9,123,,"Ali MessaoudWillem II, 24, M(C)",23(4),2081,5,6,1.9,1.3,0.3,0.7,0.1,1.5,1.2,6.77,163,,"Ali MessaoudWillem II, 24, M(C)",23(4),2081,6,1.3,25.7,74.4,0.7,1.2,0.1,6.77
Kristoffer Peterson,Utrecht,14(6),1131,2,2,0,0,1.7,79.9,0.2,0,6.53,14(6),0.5,0.5,0.5,0.1,0.2,0.5,0.1,0,6.53,227,,"Eloy RoomVitesse, 26, GK",23,2070,-,-,-,-,-,0.1,-,-,-,6.86,135,,"Eloy RoomVitesse, 26, GK",23,2070,-,-,30,56.1,-,7.9,-,6.86
Kyle Ebecilio,Twente,21(5),1858,3,2,2,0,0.8,85,0.5,0,6.56,21(5),1.2,1.5,1.1,0,0.5,0.5,0.2,0,6.56,222,,"Jens ToornstraFeyenoord, 26, AM(CR)",24(5),2066,7,4,2.5,2.1,0.6,0.7,0.2,1.3,1.6,7.09,73,,"Jens ToornstraFeyenoord, 26, AM(CR)",24(5),2066,4,2.1,32.1,78.5,2,1.9,-,7.09
Lars Lambooij,Go Ahead Eagles,8(10),899,0,1,1,0,0.4,81.6,0.4,0,6.49,8(10),1.8,1.2,0.6,0,0.7,0.9,0.2,0,6.49,231,,"Ryan ThomasPEC Zwolle, 20, AM(L)",26(4),2058,3,7,1,1.1,1,2,0.1,1.1,1.9,6.96,108,,"Ryan ThomasPEC Zwolle, 20, AM(L)",26(4),2058,7,1.1,22.7,77.5,0.2,1,-,6.96
Lasse Schöne,Ajax,26(3),2276,8,9,0,0,2,83.2,0.7,3,7.34,26(3),0.8,0.4,1,0,0.5,0.4,0.1,0,7.34,20,,"Uros MaticNAC Breda, 25, DM(C)",23(5),2027,1,2,0.9,0.9,1.3,1.6,-,1.2,1.3,6.72,176,,"Uros MaticNAC Breda, 25, DM(C)",23(5),2027,2,0.9,26.8,77.1,0.4,1.5,-,6.72
Leonard Nienhuis,Cambuur,34,2970,0,0,1,0,0,57.5,0.2,1,6.63,34,0,0,0,0,1.3,0.1,0,0,6.63,197,,"Denys OliynykVitesse, 28, AM(L)",22(8),2024,3,4,1.7,1.2,1.1,0.8,0.3,0.9,1.3,6.93,117,,"Denys OliynykVitesse, 28, AM(L)",22(8),2024,4,1.2,26.5,80.4,0.2,0.6,-,6.93
Lex Immers,Feyenoord,30,2630,7,4,1,0,2.4,76.3,3.6,3,7.24,30,1.7,0.8,1.2,0,1.4,0.8,0.1,0,7.24,29,,"Celso OrtizAZ Alkmaar, 26, DM(C)",24,2005,-,-,0.5,1,0.6,1.2,-,0.6,0.7,7.08,77,,"Celso OrtizAZ Alkmaar, 26, DM(C)",24,2005,-,1,43,79.7,0.3,2.5,-,7.08
Luc Castaignos,Twente,27(2),2314,10,0,4,0,2.3,76.4,1.1,1,6.77,27(2),0.4,0.3,1.4,0,0.2,0.4,0.1,0,6.77,165,,"Thulani SereroAjax, 25, M(C)",21(8),2000,1,-,0.5,0.5,0.7,1.6,-,0.9,1.1,6.98,100,,"Thulani SereroAjax, 25, M(C)",21(8),2000,-,0.5,43.4,89,-,0.8,-,6.98
Lucas Andersen,Ajax,19(8),1627,2,3,2,0,0.7,83.3,0.4,0,6.86,19(8),0.9,0.6,0.6,0,0.3,0.7,0.1,0,6.86,136,,"Kenny van der WegNAC Breda, 24, D(CL)",22(2),1994,1,1,0.4,0.3,0.2,0.5,-,0.3,0.6,6.95,110,,"Kenny van der WegNAC Breda, 24, D(CL)",22(2),1994,1,0.3,29,75.2,0.2,2,-,6.95
Lucas Bijker,Cambuur,28(2),2502,0,2,4,1,0.5,81.8,0.6,1,6.88,28(2),1.6,2.2,1.1,0.5,4.5,0.5,0.6,0,6.88,130,,"Dennis TelgenkampHeracles, 28, GK",22,1980,-,-,-,0.1,-,0.1,-,-,-,6.48,234,,"Dennis TelgenkampHeracles, 28, GK",22,1980,-,0.1,32.9,62,-,9.7,-,6.48
Luciano Narsingh,PSV Eindhoven,31(1),2552,6,10,1,0,1.4,81,0.2,0,7.23,31(1),0.9,0.1,0.3,0,0,0.3,0.1,0,7.23,37,,"Mickey van der HartGo Ahead Eagles, 21, GK",22,1980,-,-,-,-,0.1,0.1,-,-,-,6.99,99,,"Mickey van der HartGo Ahead Eagles, 21, GK",22,1980,-,-,37.3,58.8,-,13.7,-,6.99
Luciano Slagveer,Heerenveen,33,2826,11,3,2,1,2.3,73.9,0.8,0,7.08,33,1.6,0.8,0.8,0,0.7,1.3,0.1,0,7.08,76,,"Xandro SchenkGo Ahead Eagles, 22, D(CL)",21(5),1972,-,-,0.2,0.2,0.2,0.2,-,0.1,0.3,6.68,188,,"Xandro SchenkGo Ahead Eagles, 22, D(CL)",21(5),1972,-,0.2,28.2,80.4,-,2.5,-,6.68
Luigi Bruins,Excelsior,20(2),1684,2,3,3,1,0.6,75,1.3,3,7.01,20(2),2.4,1.1,1.6,0,2.6,1.4,0.5,0,7.01,90,,"Ilias HaddadFC Dordrecht, 26, D(C)",23(2),1964,-,-,0.5,0.3,0.1,0.4,0.1,0.1,0.4,6.56,216,,"Ilias HaddadFC Dordrecht, 26, D(C)",23(2),1964,-,0.3,38.9,81.9,-,3.8,-,6.56
Luuk de Jong,PSV Eindhoven,32,2845,20,10,0,0,3.7,71.1,4.7,5,7.96,32,1.1,0.3,1,0,1.2,0.5,0.1,1,7.96,1,,"Thomas LamPEC Zwolle, 21, D(C),DM(C)",22(6),1958,2,2,0.5,0.6,0.3,0.5,-,0.8,0.6,6.69,186,,"Thomas LamPEC Zwolle, 21, D(C),DM(C)",22(6),1958,2,0.6,32.9,82.1,0.3,2.4,-,6.69
Maikel Kieftenbeld,Groningen,33,2879,0,4,8,0,0.7,82.7,1,0,6.79,33,2.2,2.3,1.7,0,2.5,0.8,0.4,1,6.79,154,,"Nick ViergeverAjax, 26, D(CL),DM(C)",20(6),1928,2,-,0.4,0.5,0.6,0.5,-,0.7,0.6,6.98,102,,"Nick ViergeverAjax, 26, D(CL),DM(C)",20(6),1928,-,0.5,45.9,85.2,0.1,1.8,0.1,6.98
Maikel van der Werff,PEC Zwolle,29(4),2570,4,1,1,0,0.9,84.3,1.4,4,7.25,29(4),2.2,2.5,1.2,0.7,4.9,0.5,0.5,0,7.25,27,,"Rubio RubinUtrecht, 19, AM(C),FW",21(7),1925,3,5,1.5,1.1,0.5,1.9,0.3,1.4,1.4,6.64,193,,"Rubio RubinUtrecht, 19, AM(C),FW",21(7),1925,5,1.1,19.9,80.6,0.2,0.5,0.1,6.64
Mark Diemers,Utrecht,17(4),1440,2,1,3,0,1.4,83.1,0.5,0,6.87,17(4),2.1,1.8,0.4,0,0.7,0.9,0.2,0,6.87,131,,"Markus HenriksenAZ Alkmaar, 23, AM(C)",22,1917,7,4,1.9,1.9,0.4,1.4,0.3,0.8,1.4,7.14,60,,"Markus HenriksenAZ Alkmaar, 23, AM(C)",22,1917,4,1.9,25.5,71.5,0.4,0.6,-,7.14
Mark Uth,Heerenveen,32,2679,15,10,6,0,3.4,70.9,1.1,3,7.17,32,0.7,0.5,1.3,0,0.8,0.5,0.1,0,7.17,54,,"Nick MarsmanTwente, 24, GK",21,1890,-,-,-,-,-,0.1,-,-,-,6.7,184,,"Nick MarsmanTwente, 24, GK",21,1890,-,-,35,66,-,7,-,6.7
Mark van der Maarel,Utrecht,21(2),1880,1,2,2,1,0.7,74.5,1,0,7.17,21(2),3.3,2.9,1.3,0.3,3.9,1,0.5,0,7.17,53,,"Jarchinio AntoniaGroningen, 24, AM(LR)",22(5),1888,2,7,0.8,1.4,0.6,1.2,0.6,0.7,1.4,6.8,151,,"Jarchinio AntoniaGroningen, 24, AM(LR)",22(5),1888,7,1.4,21,74.4,0.9,0.9,-,6.8
Mark-Jan Fledderus,Heracles,31(2),2673,1,2,2,0,1.1,78.3,0.5,1,6.72,31(2),1.4,2.2,1.3,0,1.8,0.4,0.2,0,6.72,178,,"Gévero MarkietUtrecht, 24, D(CR)",21(8),1885,3,1,0.9,0.1,0.4,0.2,-,0.3,0.6,6.97,106,,"Gévero MarkietUtrecht, 24, D(CR)",21(8),1885,1,0.1,34.4,82.3,-,1.9,-,6.97
Marko Vejinovic,Vitesse,31,2726,10,8,5,0,2.1,83.9,1.6,4,7.73,31,3.4,1.6,2.5,0,1.7,1.3,0.2,0,7.73,3,,"Mark van der MaarelUtrecht, 26, D(CLR)",21(2),1880,1,2,0.7,0.6,0.4,0.7,-,0.3,0.4,7.17,53,,"Mark van der MaarelUtrecht, 26, D(CLR)",21(2),1880,2,0.6,38.1,74.5,0.2,3.6,-,7.17
Markus Henriksen,AZ Alkmaar,22,1917,7,4,3,0,1.9,71.5,2.2,1,7.14,22,1.5,1.5,1.4,0,1,0.6,0.3,0,7.14,60,,"Erik BakkerCambuur, 25, M(C)",22(5),1860,5,-,1.1,0.6,0.2,0.4,-,0.9,1.2,6.41,242,,"Erik BakkerCambuur, 25, M(C)",22(5),1860,-,0.6,31.4,82.5,0.3,2,0.1,6.41
Marlon Pereira,Cambuur,17(4),1472,0,1,1,0,0.1,84.2,0.5,0,6.37,17(4),0.8,1.2,0.9,0.3,3.1,0.6,0.2,1,6.37,245,,"Kyle EbecilioTwente, 21, DM(C)",21(5),1858,3,2,0.8,0.6,0.3,0.3,-,0.7,0.9,6.56,222,,"Kyle EbecilioTwente, 21, DM(C)",21(5),1858,2,0.6,27.3,85,-,0.8,-,6.56
Marnix Kolder,Go Ahead Eagles,20(8),1817,3,0,0,0,2,63.5,2.9,1,6.63,20(8),0.7,0.3,1,0,0.7,0.2,0.1,0,6.63,196,,"Jeffrey SarpongNAC Breda, 27, AM(CLR)",19(9),1844,2,5,1.3,1.3,0.9,1.1,0.2,1,1.5,6.77,161,,"Jeffrey SarpongNAC Breda, 27, AM(CLR)",19(9),1844,5,1.3,21.5,80.6,0.9,1,-,6.77
Mart Lieder,FC Dordrecht,20(3),1693,3,2,2,0,2,70.3,1.9,0,6.43,20(3),0.3,0.1,1.7,0,0.8,0.3,0.1,0,6.43,240,,"Timo LetschertUtrecht, 22, D(CR)",19(4),1843,-,1,0.9,0.3,0.5,0.9,-,0.3,0.4,7.06,82,,"Timo LetschertUtrecht, 22, D(CR)",19(4),1843,1,0.3,42.2,85.4,0.1,4.2,-,7.06
Marten de Roon,Heerenveen,32,2772,1,0,8,1,1.3,74.4,2.1,0,7.13,32,3.5,2.2,2.2,0.2,2.7,1.7,0.4,0,7.13,64,,"Jeroen VeldmateHeracles, 26, D(C)",21,1835,2,1,0.8,0.4,0.3,0.6,-,0.1,0.2,7.08,74,,"Jeroen VeldmateHeracles, 26, D(C)",21,1835,1,0.4,38.8,82.4,-,5.2,-,7.08
Martijn Barto,Cambuur,12(17),1458,4,1,1,0,1.2,65.5,1.1,1,6.46,12(17),1,0.3,1.2,0,0.5,0.5,0.1,0,6.46,236,,"Marnix KolderGo Ahead Eagles, 34, FW",20(8),1817,3,-,2,0.9,0.2,1.7,0.3,1.1,1.7,6.63,196,,"Marnix KolderGo Ahead Eagles, 34, FW",20(8),1817,-,0.9,24.9,63.5,0.1,0.5,-,6.63
Martin Hansen,ADO Den Haag,32,2880,0,0,1,0,0,59.3,0.2,1,6.84,32,0.1,0,0,0,0.9,0,0,0,6.84,143,,"Thom HayeAZ Alkmaar, 20, AM(CL)",22(6),1813,-,3,1,1,1.1,0.6,-,0.9,1.2,6.79,152,,"Thom HayeAZ Alkmaar, 20, AM(CL)",22(6),1813,3,1,29.7,73.3,0.6,2.8,0.1,6.79
Marvin Peersman,FC Dordrecht,24(2),2134,0,0,3,2,0.6,74,3.1,2,7,24(2),2.5,2.5,1.4,0.5,8.1,0.9,0.7,0,7,92,,"Kevin DiksVitesse, 18, D(R)",20(2),1809,-,-,0.2,0.4,0.5,0.8,-,0.3,0.5,7.2,46,,"Kevin DiksVitesse, 18, D(R)",20(2),1809,-,0.4,44.3,80.4,0.1,3.4,-,7.2
Mats Seuntjens,NAC Breda,14(17),1491,4,1,1,1,1.6,67.4,1,0,6.57,14(17),0.7,0.3,0.9,0,0.7,0.3,0.1,0,6.57,212,,"Iliass Bel HassaniHeracles, 22, AM(C)",16(15),1806,4,5,1.6,1.4,1.5,1.1,0.2,1.5,1.1,6.83,148,,"Iliass Bel HassaniHeracles, 22, AM(C)",16(15),1806,5,1.4,23.4,74.1,0.6,1.3,-,6.83
Mattias Johansson,AZ Alkmaar,27(4),2547,1,2,7,0,0.6,73.9,1.5,1,7.22,27(4),3.3,2.4,1.4,0.2,3.1,1.1,0.4,0,7.22,39,,"Terell OndaanWillem II, 21, AM(R)",20(13),1799,2,5,1.6,0.9,1.2,1.6,0.5,2.2,2.4,6.73,175,,"Terell OndaanWillem II, 21, AM(R)",20(13),1799,5,0.9,13.5,65.8,0.3,0.4,-,6.73
Memphis Depay,PSV Eindhoven,30,2565,22,5,2,0,5.4,74.7,0.3,8,7.92,30,0.8,0.4,0.7,0,0.3,0.4,0,0,7.92,2,,"Yoëll van NieffGroningen, 22, D(L),DM(C)",19(5),1791,1,-,0.3,0.4,0.4,1,-,0.7,0.8,6.86,137,,"Yoëll van NieffGroningen, 22, D(L),DM(C)",19(5),1791,-,0.4,32.6,75.6,0.3,3.7,-,6.86
Michael de Leeuw,Groningen,23(5),2145,17,1,2,0,1.7,77.7,1.6,3,6.92,23(5),0.6,0.3,1.6,0,0.6,0.5,0.3,0,6.92,121,,"Nicolai BoilesenAjax, 23, D(L)",22,1788,-,3,0.4,0.5,1,1,-,0.6,1,7.2,43,,"Nicolai BoilesenAjax, 23, D(L)",22,1788,3,0.5,44.5,80.9,0.5,2,-,7.2
Michiel Kramer,ADO Den Haag,31(1),2681,17,1,7,0,2.4,64.1,5,5,7.19,31(1),0.5,0.4,1.5,0,0.6,0.3,0.2,0,7.19,49,,"Mustafa SaymakPEC Zwolle, 22, M(CR)",21(5),1780,6,-,2,0.7,0.6,1.2,0.3,1.5,0.6,6.79,155,,"Mustafa SaymakPEC Zwolle, 22, M(CR)",21(5),1780,-,0.7,29.8,79.1,0.2,2.2,0.1,6.79
Mickey van der Hart,Go Ahead Eagles,22,1980,0,0,0,0,0,58.8,0.3,1,6.99,22,0.1,0,0,0,1.5,0,0,0,6.99,99,,"Jean-Paul BoëtiusFeyenoord, 21, AM(L)",20(11),1770,4,3,1.5,1.3,0.9,1.8,0.2,1.4,1.5,6.79,153,,"Jean-Paul BoëtiusFeyenoord, 21, AM(L)",20(11),1770,3,1.3,20.2,79.7,0.5,1,0.1,6.79
Mike te Wierik,Heracles,24,2160,0,1,3,0,0,80.3,1.5,0,6.94,24,2.7,2.5,1.8,0.4,5.5,0.6,0.8,0,6.94,112,,"Sam LarssonHeerenveen, 22, AM(L)",21,1766,8,4,1.8,2.3,2.6,1.3,-,2.5,2,7.72,4,,"Sam LarssonHeerenveen, 22, AM(L)",21,1766,4,2.3,34.4,77.1,1.3,1.6,0.1,7.72
Mike van Duinen,ADO Den Haag,31(2),2748,5,2,4,0,1.7,63.5,1.3,0,6.6,31(2),1.1,0.5,0.8,0,0.5,0.9,0,0,6.6,201,,"Furdjel NarsinghCambuur, 27, AM(LR)",19(4),1756,-,8,1.9,2.4,1.9,1,0.2,1.7,1.2,6.99,97,,"Furdjel NarsinghCambuur, 27, AM(LR)",19(4),1756,8,2.4,24.3,81.2,1,0.4,-,6.99
Mimoun Mahi,Groningen,13(13),1292,1,2,3,0,1.5,71.9,0.3,0,6.57,13(13),1.1,0.5,1.2,0,0.7,0.7,0.1,0,6.57,214,,"Daley SinkgravenHeerenveen, 20, AM(CL)",20,1740,4,2,1,2,1.4,2.4,0.1,2.4,1.6,7.2,42,,"Daley SinkgravenHeerenveen, 20, AM(CL)",20,1740,2,2,37.1,79,1,1.9,0.1,7.2
Miquel Nelom,Feyenoord,30,2625,0,2,3,0,0.4,82.4,1.6,0,7.08,30,2.5,1.6,0.9,0.4,3,0.4,0.2,0,7.08,78,,"Tomas NecidPEC Zwolle, 26, FW",19(5),1728,11,3,2.8,0.6,0.3,1.4,0.5,1.8,2.1,6.93,116,,"Tomas NecidPEC Zwolle, 26, FW",19(5),1728,3,0.6,18.5,73.1,-,0.4,-,6.93
Mitchell Dijks,Willem II,28,2492,0,1,6,0,0.6,77.3,1.6,1,7.08,28,2.8,2.5,1.8,0.3,3.1,0.3,0.3,0,7.08,75,,"Santiago AriasPSV Eindhoven, 23, D(R)",19(2),1726,1,1,0.5,1.1,1.1,1.3,-,0.5,0.5,7.31,22,,"Santiago AriasPSV Eindhoven, 23, D(R)",19(2),1726,1,1.1,41.1,83.9,0.9,1.6,-,7.31
Mitchell te Vrede,Feyenoord,7(13),808,7,0,2,0,2.6,64,2.1,1,6.57,7(13),0.2,0.1,0.9,0,0.4,0.2,0,0,6.57,213,,"Rémy AmieuxNAC Breda, 28, D(L)",20(1),1711,-,1,0.3,0.8,0.3,1,0.2,0.1,0.7,6.92,118,,"Rémy AmieuxNAC Breda, 28, D(L)",20(1),1711,1,0.8,31.3,73.9,0.3,2,-,6.92
Mohamed El Makrini,Cambuur,32,2712,0,1,5,0,0.5,79.9,1.4,0,6.85,32,3.3,1.9,2.2,0.1,2,0.9,0.5,0,6.85,141,,"Gino CoutinhoExcelsior, 33, GK",19,1710,-,-,-,0.1,0.1,0.1,-,0.1,0.1,6.52,229,,"Gino CoutinhoExcelsior, 33, GK",19,1710,-,0.1,30.4,57.6,-,9.3,-,6.52
Muamer Tankovic,AZ Alkmaar,17(9),1657,5,4,0,0,2,80.1,0.2,0,6.75,17(9),0.3,0.2,0.7,0,0.2,0.8,0.1,0,6.75,167,,"Hans HateboerGroningen, 21, D(R)",18(5),1703,-,2,0.3,0.7,0.3,0.4,0.1,0.7,0.6,6.75,170,,"Hans HateboerGroningen, 21, D(R)",18(5),1703,2,0.7,24.7,78.9,0.4,1.4,-,6.75
Mustafa Saymak,PEC Zwolle,21(5),1780,6,0,1,0,2,79.1,0.3,1,6.79,21(5),0.9,0.8,0.5,0,0.8,1.2,0.2,0,6.79,155,,"Daryl van MieghemExcelsior, 25, AM(L)",20(5),1699,2,4,1,1,1,1,0.2,0.9,1.6,6.56,218,,"Daryl van MieghemExcelsior, 25, AM(L)",20(5),1699,4,1,14.2,61.3,1,0.9,-,6.56
Nemanja Gudelj,AZ Alkmaar,32,2859,11,3,5,1,2.4,81.8,1.7,4,7.35,32,2.3,1.8,2.1,0,1.9,1,0.3,0,7.35,18,,"Rasmus LindgrenGroningen, 30, D(C),DM(C)",20(3),1697,1,1,0.5,0.3,-,1.1,-,0.3,0.2,6.7,183,,"Rasmus LindgrenGroningen, 30, D(C),DM(C)",20(3),1697,1,0.3,43,83.6,-,2.8,-,6.7
Nick Marsman,Twente,21,1890,0,0,2,0,0,66,0.2,1,6.7,21,0,0,0,0,0.6,0,0,0,6.7,184,,"Mart LiederFC Dordrecht, 25, FW",20(3),1693,3,2,2,1,0.5,1.1,0.4,1.3,3,6.43,240,,"Mart LiederFC Dordrecht, 25, FW",20(3),1693,2,1,21.3,70.3,0.2,0.3,-,6.43
Nick van der Velden,Groningen,11(12),1049,1,1,2,0,0.8,70.8,0.8,0,6.35,11(12),0.4,0.3,1.1,0,0.7,0.4,0,0,6.35,247,,"Steven BerghuisAZ Alkmaar, 23, AM(R),FW",19(3),1690,11,4,2.7,1.4,1.8,1,0.2,1,1.9,7.47,13,,"Steven BerghuisAZ Alkmaar, 23, AM(R),FW",19(3),1690,4,1.4,29.5,72.6,0.6,1.6,0.4,7.47
Nick Viergever,Ajax,20(6),1928,2,0,5,0,0.4,85.2,1.6,0,6.98,20(6),1.8,1.7,1,0.2,2.7,0.8,0.5,0,6.98,102,,"Luigi BruinsExcelsior, 28, AM(C)",20(2),1684,2,3,0.6,1.1,1.2,1,-,0.8,0.5,7.01,90,,"Luigi BruinsExcelsior, 28, AM(C)",20(2),1684,3,1.1,33.1,75,0.4,3.4,0.1,7.01
Nicolai Boilesen,Ajax,22,1788,0,3,2,0,0.4,80.9,1.8,1,7.2,22,2.5,2,0.6,0.2,3.6,0.6,0.1,0,7.2,43,,"Muamer TankovicAZ Alkmaar, 20, FW",17(9),1657,5,4,2,1.6,0.8,1.1,0.5,1,2.2,6.75,167,,"Muamer TankovicAZ Alkmaar, 20, FW",17(9),1657,4,1.6,21.5,80.1,0.5,0.7,0.2,6.75
Niklas Moisander,Ajax,25,2205,0,0,1,1,0.3,87.5,1.8,1,7.2,25,1.4,2,0.7,0.5,5.7,0.8,0.5,0,7.2,45,,"Fahd AktaouHeracles, 22, D(L)",19(2),1639,-,-,0.2,0.2,1.3,1.1,-,1.4,0.9,6.88,128,,"Fahd AktaouHeracles, 22, D(L)",19(2),1639,-,0.2,23.6,71.8,0.5,1.8,-,6.88
Ninos Gouriye,Excelsior,10(13),1040,2,3,2,0,1.6,69.8,0.2,1,6.57,10(13),1,0.4,0.9,0,0.3,0.3,0,0,6.57,210,,"Josimar LimaFC Dordrecht, 26, D(C)",19(1),1636,1,1,0.5,0.2,0.1,0.4,-,0.2,0.3,6.87,132,,"Josimar LimaFC Dordrecht, 26, D(C)",19(1),1636,1,0.2,30.2,73.6,-,3,-,6.87
Oussama Tannane,Heracles,19,1593,5,4,1,1,2.9,71.1,0.4,1,7.11,19,2.1,0.8,2.2,0.1,0.4,0.8,0.1,0,7.11,68,,"Timothy DerijckADO Den Haag, 28, D(C)",17(5),1632,-,-,0.2,0.1,-,0.8,0.1,0.1,0.2,6.54,225,,"Timothy DerijckADO Den Haag, 28, D(C)",17(5),1632,-,0.1,37.2,82.2,-,4.4,-,6.54
Pele van Anholt,Heerenveen,32,2815,0,1,3,1,0.6,80.8,1.1,1,7.01,32,2.9,2.5,1.1,0.1,2.5,1.2,0.1,0,7.01,88,,"Jurgen MattheijExcelsior, 22, D(C)",18(2),1630,-,-,0.4,0.1,0.3,0.7,0.1,0.2,0.3,6.97,103,,"Jurgen MattheijExcelsior, 22, D(C)",18(2),1630,-,0.1,28.7,78.2,-,4,0.1,6.97
Ramon Leeuwin,Utrecht,27,2326,0,0,5,1,0.8,86.7,2.9,0,6.91,27,1.5,2.6,1.2,0.9,6,0.4,0.4,1,6.91,122,,"Lucas AndersenAjax, 20, AM(CL)",19(8),1627,2,3,0.7,1.2,1.7,1.6,0.1,2.1,1.6,6.86,136,,"Lucas AndersenAjax, 20, AM(CL)",19(8),1627,3,1.2,27.4,83.3,0.1,0.4,0.2,6.86
Rasmus Bengtsson,Twente,15(2),1264,1,0,3,0,0.4,90.7,1.8,1,6.75,15(2),0.6,1.9,0.7,0.4,4.8,0.2,0.6,0,6.75,171,,"Kenny OtigbaHeerenveen, 23, D(C)",17(7),1624,-,2,0.6,0.3,0.9,1.1,-,0.3,0.5,6.94,114,,"Kenny OtigbaHeerenveen, 23, D(C)",17(7),1624,2,0.3,34.7,81.8,-,2.3,0.1,6.94
Rasmus Lindgren,Groningen,20(3),1697,1,1,3,1,0.5,83.6,1,0,6.7,20(3),1.9,1.2,0.9,0.1,4.2,0.8,0.6,0,6.7,183,,"Bruno AndradeWillem II, 26, AM(LR)",18(9),1618,4,5,2,1,0.9,2.5,0.3,1.9,2.3,6.75,172,,"Bruno AndradeWillem II, 26, AM(LR)",18(9),1618,5,1,15.4,77.6,0.8,0.5,-,6.75
Rémy Amieux,NAC Breda,20(1),1711,0,1,5,0,0.3,73.9,1.6,1,6.92,20(1),2.3,2.2,1.6,0.1,5,0.6,0.4,0,6.92,118,,"Daan BovenbergExcelsior, 26, D(R)",18(1),1608,2,3,0.5,0.4,0.6,0.4,0.1,0.2,0.7,7.11,67,,"Daan BovenbergExcelsior, 26, D(R)",18(1),1608,3,0.4,30.3,65.7,0.2,4,-,7.11
Renato Ibarra,Vitesse,11(12),1115,2,2,2,0,1.5,83.1,0.5,0,6.77,11(12),1,0.6,0.8,0,0.3,0.4,0,0,6.77,164,,"Henrico DrostNAC Breda, 28, D(C)",18,1608,-,-,0.1,0.2,0.1,0.1,-,0.2,0.2,6.77,162,,"Henrico DrostNAC Breda, 28, D(C)",18,1608,-,0.2,33.7,87.6,-,2.2,-,6.77
Renato Tapia,Twente,12(5),1119,5,0,2,1,1.5,70.5,1.6,3,6.94,12(5),2.9,1.2,1.5,0,1.2,1.5,0.1,0,6.94,113,,"Funso OjoFC Dordrecht, 24, M(C)",19,1594,-,-,0.5,0.8,0.6,1.5,0.1,1.3,1.4,6.56,220,,"Funso OjoFC Dordrecht, 24, M(C)",19,1594,-,0.8,41.7,77.3,0.3,2,-,6.56
Ricardo Kishna,Ajax,18(8),1472,5,5,1,0,1.4,76.1,0.4,2,6.89,18(8),0.7,0.3,0.6,0,0.1,0.3,0,0,6.89,127,,"Oussama TannaneHeracles, 21, AM(LR),FW",19,1593,5,4,2.9,1.3,1.8,2.4,0.4,2.3,3,7.11,68,,"Oussama TannaneHeracles, 21, AM(LR),FW",19,1593,4,1.3,23.1,71.1,0.4,1,0.1,7.11
Ricardo van Rhijn,Ajax,28,2500,2,1,1,0,1.2,84.7,0.6,2,7.23,28,2.6,1.7,0.8,0.3,3.2,0.8,0.3,0,7.23,38,,"Kevin JansenADO Den Haag, 23, M(C)",18(7),1590,-,1,0.5,0.7,0.3,0.9,0.2,1.1,1,6.45,237,,"Kevin JansenADO Den Haag, 23, M(C)",18(7),1590,1,0.7,19.5,75.2,0.5,0.8,-,6.45
Rick Karsdorp,Feyenoord,14(5),1246,0,2,1,1,0.2,77.6,0.4,0,6.61,14(5),2,0.9,0.6,0.4,1.4,1.2,0.1,0,6.61,200,,"Jeffrey RijsdijkGo Ahead Eagles, 27, M(C)",18(7),1578,3,4,1,0.8,0.4,0.6,0.1,1,1.3,6.42,241,,"Jeffrey RijsdijkGo Ahead Eagles, 27, M(C)",18(7),1578,4,0.8,21.3,74.7,0.3,0.6,-,6.42
Rick Kruys,Excelsior,28,2390,0,1,2,0,0.5,81.5,1.2,0,6.7,28,2.1,1.7,1.5,0,2.3,0.7,0.4,0,6.7,182,,"William Troost-EkongFC Dordrecht, 21, D(C)",17(5),1570,-,-,0.1,0.1,0.1,0.3,-,0.2,0.2,6.72,177,,"William Troost-EkongFC Dordrecht, 21, D(C)",17(5),1570,-,0.1,27.2,80.8,-,2.3,-,6.72
Rick ten Voorde,FC Dordrecht,11(14),1298,1,1,0,0,0.6,68.5,1.9,0,6.12,11(14),0.4,0.1,0.6,0,0.5,0.4,0.1,0,6.12,254,,"Sander DuitsGo Ahead Eagles, 32, DM(C)",20(3),1544,-,2,0.4,0.7,0.3,0.7,-,0.3,0.7,6.64,195,,"Sander DuitsGo Ahead Eagles, 32, DM(C)",20(3),1544,2,0.7,26.8,71.8,0.1,1.3,0.1,6.64
Ricky van Haaren,FC Dordrecht,17(4),1507,1,0,1,0,1.5,77,1,0,6.65,17(4),1.5,1.5,0.5,0.1,1.4,1.2,0.2,0,6.65,192,,"Aron JóhannssonAZ Alkmaar, 24, FW",17(4),1516,9,3,1.5,1.1,0.3,0.8,0.5,1.6,1.8,6.9,126,,"Aron JóhannssonAZ Alkmaar, 24, FW",17(4),1516,3,1.1,17.1,76.7,-,0.9,-,6.9
Ridgeciano Haps,AZ Alkmaar,2(16),501,0,0,3,0,0.3,66.5,0.8,0,6.31,2(16),0.6,0.8,0.7,0,0.9,0.3,0.1,0,6.31,249,,"Dirk MarcellisNAC Breda, 27, D(C)",17,1512,-,-,0.2,0.1,0.2,0.6,-,0.2,0.6,7.2,44,,"Dirk MarcellisNAC Breda, 27, D(C)",17,1512,-,0.1,33.8,75.3,-,3.3,0.1,7.2
Riechedly Bazoer,Ajax,14(3),1215,1,0,2,0,1.5,86.9,1.2,0,7.02,14(3),1.5,1.1,1.2,0.1,1.2,0.4,0.2,0,7.02,86,,"Ricky van HaarenFC Dordrecht, 24, M(C)",17(4),1507,1,-,1.5,0.9,0.4,0.8,-,0.6,0.6,6.65,192,,"Ricky van HaarenFC Dordrecht, 24, M(C)",17(4),1507,-,0.9,34.3,77,0.7,3.4,0.1,6.65
Robbert Schilder,Twente,29(1),2550,0,0,2,0,0.4,81.7,1.1,0,6.85,29(1),2,1.8,0.9,0.3,2.9,0.7,0.3,0,6.85,140,,"Stef NijlandPEC Zwolle, 27, AM(L),FW",15(15),1502,11,3,1.6,0.8,0.1,0.9,0.3,0.5,1.1,6.59,202,,"Stef NijlandPEC Zwolle, 27, AM(L),FW",15(15),1502,3,0.8,18,76.3,0.2,0.8,-,6.59
Robbie Haemhouts,Willem II,31,2560,5,2,1,0,1.2,73.4,1,1,6.9,31,1.9,2,0.9,0,0.6,0.9,0.2,0,6.9,124,,"Mats SeuntjensNAC Breda, 23, AM(CR),FW",14(17),1491,4,1,1.6,0.8,1,0.7,0.1,1.1,1.4,6.57,212,,"Mats SeuntjensNAC Breda, 23, AM(CR),FW",14(17),1491,1,0.8,14,67.4,0.3,0.8,0.1,6.57
Robbin Ruiter,Utrecht,31,2722,0,0,1,0,0,57.6,0.4,1,6.86,31,0,0.1,0,0,0.9,0.1,0,0,6.86,138,,"Khalid KaramiExcelsior, 25, D(R)",16(2),1487,1,-,0.4,0.3,0.5,0.8,-,0.3,0.8,6.66,191,,"Khalid KaramiExcelsior, 25, D(R)",16(2),1487,-,0.3,31.3,74.1,0.2,3.7,-,6.66
Robert Braber,Willem II,11(17),1027,3,2,2,0,0.5,69,1.2,0,6.46,11(17),1.1,0.6,0.9,0,0.6,0.3,0.1,0,6.46,235,,"Tommy OarUtrecht, 23, AM(CL)",17(1),1480,-,7,1.1,3.2,1.1,1.2,0.2,2.6,1.8,7.11,66,,"Tommy OarUtrecht, 23, AM(CL)",17(1),1480,7,3.2,17.6,75.3,3.3,1.2,0.2,7.11
Robert Mühren,AZ Alkmaar,12(5),960,4,2,0,0,2.1,72.7,0.5,0,6.48,12(5),0.4,0.1,0.7,0,0.2,0.6,0.2,0,6.48,232,,"Albert RusnákCambuur, 21, AM(CLR)",17,1477,4,2,1.8,2.2,1.2,2.3,0.1,2,1.1,7.24,31,,"Albert RusnákCambuur, 21, AM(CLR)",17,1477,2,2.2,38.7,82.1,2.2,3.4,0.1,7.24
Robin Gosens,FC Dordrecht,27(4),2445,2,0,3,0,1,71.5,2.2,4,7.16,27(4),3.9,1.7,1.2,0.2,4.1,1.6,0.2,0,7.16,57,,"Marlon PereiraCambuur, 28, D(LR)",17(4),1472,-,1,0.1,0.4,0.1,0.5,-,0.6,0.5,6.37,245,,"Marlon PereiraCambuur, 28, D(LR)",17(4),1472,1,0.4,35.6,84.2,0.3,2.3,-,6.37
Rochdi Achenteh,Vitesse,30(3),2707,1,5,4,0,0.4,82.7,0.4,1,,30(3),2.2,2,0.7,0.1,2.3,0.8,0.2,0,7.01,89,,"Ricardo KishnaAjax, 20, AM(LR)",18(8),1472,5,5,1.4,1.3,1.2,0.4,0.1,1.5,1.7,6.89,127,,"Ricardo KishnaAjax, 20, AM(LR)",18(8),1472,5,1.3,16.9,76.1,1,0.4,0.1,6.89
Roland Alberg,ADO Den Haag,29(3),2607,8,9,7,0,2.2,77.8,1.1,2,6.98,29(3),1.2,0.6,1.5,0,0.6,0.8,0,0,6.98,101,,"Martijn BartoCambuur, 31, AM(C),FW",12(17),1458,4,1,1.2,0.4,0.3,0.4,0.3,0.4,1.1,6.46,236,,"Martijn BartoCambuur, 31, AM(C),FW",12(17),1458,1,0.4,15.4,65.5,0.1,0.5,-,6.46
Rubio Rubin,Utrecht,21(7),1925,3,5,0,0,1.5,80.6,1.2,0,6.64,21(7),0.6,0.5,0.6,0,0.2,0.6,0.1,0,6.64,193,,"Giliano WijnaldumGo Ahead Eagles, 22, D(L)",17(2),1454,-,1,0.1,0.4,0.6,1.2,-,1.1,1.2,6.62,198,,"Giliano WijnaldumGo Ahead Eagles, 22, D(L)",17(2),1454,1,0.4,26.3,78.8,0.4,2.3,-,6.62
Ryan Thomas,PEC Zwolle,26(4),2058,3,7,2,0,1,77.5,0.7,0,6.96,26(4),1.3,1.3,0.4,0,0.8,0.6,0.1,0,6.96,108,,"Simon TibblingGroningen, 20, DM(C)",17,1442,1,-,0.4,1,1.5,1.7,-,1.4,1,6.83,146,,"Simon TibblingGroningen, 20, DM(C)",17,1442,-,1,59.5,86.9,0.1,2.9,0.1,6.83
Sam Larsson,Heerenveen,21,1766,8,4,0,0,1.8,77.1,0.2,4,7.72,21,2,1.2,0.4,0,0.3,0.3,0,0,7.72,4,,"Mark DiemersUtrecht, 21, M(C)",17(4),1440,2,1,1.4,0.1,0.5,2.3,-,1.6,1.1,6.87,131,,"Mark DiemersUtrecht, 21, M(C)",17(4),1440,1,0.1,33.6,83.1,0.1,2.9,-,6.87
Samuel Armenteros,Willem II,29,2531,11,2,1,0,1.8,75,1.6,2,6.86,29,0.3,0.4,1.3,0,0.1,0.2,0.1,0,6.86,134,,"Kevin van DiermenExcelsior, 26, D(C)",17(2),1436,-,1,0.1,0.1,0.1,0.2,0.1,0.2,-,6.58,209,,"Kevin van DiermenExcelsior, 26, D(C)",17(2),1436,1,0.1,28.9,85.3,-,4.9,-,6.58
Sander Duits,Go Ahead Eagles,20(3),1544,0,2,7,0,0.4,71.8,1,0,6.64,20(3),2.3,1.4,1.7,0,1.8,1.4,0.3,0,6.64,195,,"Elvis ManuFeyenoord, 22, AM(L)",15(11),1428,7,4,2.1,1.2,1.8,1.7,0.7,1.6,2.1,6.96,107,,"Elvis ManuFeyenoord, 22, AM(L)",15(11),1428,4,1.2,12.7,74.8,0.7,0.3,-,6.96
Sander Fischer,Excelsior,34,3056,1,1,4,0,0.3,79.1,2.4,2,7.08,34,1.8,2.4,1,0.9,9.6,0.5,0.6,1,7.08,79,,"Danny HoesenGroningen, 24, FW",16(5),1421,2,1,1.7,0.6,0.2,1,0.6,1,1.6,6.3,250,,"Danny HoesenGroningen, 24, FW",16(5),1421,1,0.6,17,70.1,0.1,0.6,-,6.3
Sander van de Streek,Cambuur,25(4),2218,7,2,2,0,1.9,74.6,1.6,2,6.78,25(4),1.6,0.5,0.6,0,0.8,0.4,0.1,0,6.78,159,,"Everon PisasFC Dordrecht, 20, AM(L)",16(9),1386,2,1,0.6,0.6,0.8,1,-,0.8,1,6.41,244,,"Everon PisasFC Dordrecht, 20, AM(L)",16(9),1386,1,0.6,12.2,74.1,0.6,0.4,-,6.41
Santiago Arias,PSV Eindhoven,19(2),1726,1,1,3,0,0.5,83.9,1.4,1,7.31,19(2),2.4,2.1,1.3,0,1.8,0.7,0.3,0,7.31,22,,"Guus HuppertsAZ Alkmaar, 23, AM(LR)",13(15),1382,2,1,1.3,1,0.6,0.2,0.2,0.7,1.4,6.57,215,,"Guus HuppertsAZ Alkmaar, 23, AM(LR)",13(15),1382,1,1,13.1,68.9,0.7,0.4,-,6.57
Sébastien Haller,Utrecht,14(3),1299,11,5,1,0,2.9,66.3,4.6,3,7.42,14(3),0.9,0.4,1.4,0,0.5,0.4,0.1,0,7.42,16,,"Wout BramaPEC Zwolle, 29, DM(C)",15(5),1355,-,1,0.5,0.4,0.1,1.1,-,0.5,0.5,6.59,203,,"Wout BramaPEC Zwolle, 29, DM(C)",15(5),1355,1,0.4,32.8,81.3,-,2.3,0.1,6.59
Sergio Padt,Groningen,32,2880,0,1,2,0,0,52.5,0.3,1,6.99,32,0.1,0,0,0,1.1,0.1,0,1,6.99,96,,"Dabney dos SantosAZ Alkmaar, 19, AM(CL)",17(6),1349,2,7,0.9,1,0.6,0.7,0.2,0.4,1.5,6.75,168,,"Dabney dos SantosAZ Alkmaar, 19, AM(CL)",17(6),1349,7,1,13.9,68,0.5,0.3,-,6.75
Simon Cziommer,Heracles,14(12),1266,0,1,2,0,1.2,80.5,0.4,0,6.54,14(12),1.3,1.1,1.6,0,0.9,0.9,0.1,0,6.54,226,,"Giovanni KorteFC Dordrecht, 22, AM(LR)",16(1),1327,3,-,1.6,0.9,1.1,1.2,0.5,2,2.8,6.66,190,,"Giovanni KorteFC Dordrecht, 22, AM(LR)",16(1),1327,-,0.9,16.9,69.3,0.7,0.6,-,6.66
Simon Poulsen,AZ Alkmaar,32,2749,3,3,1,0,0.3,72.6,1.8,2,7.24,32,2.4,2.1,0.8,0.2,3.6,1,0.4,0,7.24,32,,"Joost BroersePEC Zwolle, 36, D(C)",14(6),1315,1,-,0.5,0.4,-,0.5,-,0.2,0.2,6.56,219,,"Joost BroersePEC Zwolle, 36, D(C)",14(6),1315,-,0.4,38.3,82.9,-,3,-,6.56
Simon Tibbling,Groningen,17,1442,1,0,1,0,0.4,86.9,0.1,0,6.83,17,1.7,1.5,0.5,0,1.1,0.9,0.4,0,6.83,146,,"Sébastien HallerUtrecht, 21, FW",14(3),1299,11,5,2.9,1,0.8,0.7,0.4,2.1,2.5,7.42,16,,"Sébastien HallerUtrecht, 21, FW",14(3),1299,5,1,24.6,66.3,0.2,0.2,0.1,7.42
Sjoerd Overgoor,Go Ahead Eagles,31,2738,1,0,2,0,0.7,80.6,0.5,1,6.78,31,2.2,2.2,0.7,0,1.5,1.4,0.4,0,6.78,156,,"Rick ten VoordeFC Dordrecht, 24, FW",11(14),1298,1,1,0.6,0.4,0.1,0.4,0.2,1.1,1.4,6.12,254,,"Rick ten VoordeFC Dordrecht, 24, FW",11(14),1298,1,0.4,19.3,68.5,0.1,0.5,-,6.12
Stef Nijland,PEC Zwolle,15(15),1502,11,3,1,1,1.6,76.3,0.5,2,6.59,15(15),0.1,0.1,0.4,0,0.1,0.3,0,0,6.59,202,,"Jules ReimerinkGo Ahead Eagles, 25, AM(R)",11(17),1294,2,1,0.9,0.4,0.5,1.5,0.1,1.6,1.3,6.34,248,,"Jules ReimerinkGo Ahead Eagles, 25, AM(R)",11(17),1294,1,0.4,13.2,70.5,0.2,0.5,-,6.34
Stefano Marzo,Heerenveen,31,2720,0,2,5,1,0.1,79.3,0.7,1,7.02,31,3.4,2.6,1.1,0.2,3.7,1.2,0.4,0,7.02,87,,"Mimoun MahiGroningen, 21, AM(R)",13(13),1292,1,2,1.5,0.7,1,1.1,0.5,1.7,1.2,6.57,214,,"Mimoun MahiGroningen, 21, AM(R)",13(13),1292,2,0.7,14.9,71.9,0.3,0.4,-,6.57
Steven Berghuis,AZ Alkmaar,19(3),1690,11,4,3,0,2.7,72.6,0.6,1,7.47,19(3),1.1,0.6,0.6,0,0.3,0.8,0,1,7.47,13,,"Bart SchenkeveldHeracles, 24, D(C)",15(3),1289,-,-,-,-,0.2,0.8,-,0.2,0.2,6.52,228,,"Bart SchenkeveldHeracles, 24, D(C)",15(3),1289,-,-,26.7,84.4,-,2.1,-,6.52
Stijn Wuytens,Willem II,34,3014,2,2,3,0,1,81.8,2,1,7.23,34,2.7,2.4,1.6,0.1,2.4,0.7,0.3,0,7.23,35,,"Arkadiusz MilikAjax, 21, FW",14(7),1266,11,4,1.9,1,0.4,1,0.7,1,1.9,7.14,61,,"Arkadiusz MilikAjax, 21, FW",14(7),1266,4,1,18,74.9,-,0.4,0.1,7.14
Sven Nieuwpoort,Go Ahead Eagles,26(1),2410,1,0,3,0,0.4,78.1,1,0,6.54,26(1),1.7,1.6,1.1,0,2.4,0.4,0.5,0,6.54,224,,"Kelvin LeerdamVitesse, 25, D(R),DM(C)",14(6),1266,2,1,1.7,0.9,0.5,0.5,0.2,1,1.2,6.58,206,,"Kelvin LeerdamVitesse, 25, D(R),DM(C)",14(6),1266,1,0.9,19.1,75.7,0.2,1,-,6.58
Sven van Beek,Feyenoord,31,2746,1,1,6,0,0.5,87.9,3.4,3,7.27,31,2.1,1.9,0.9,1,8,0.4,0.3,2,7.27,24,,"Simon CziommerHeracles, 34, M(C)",14(12),1266,-,1,1.2,0.8,0.5,0.5,-,0.3,0.8,6.54,226,,"Simon CziommerHeracles, 34, M(C)",14(12),1266,1,0.8,29.9,80.5,0.5,2.8,-,6.54
Terell Ondaan,Willem II,20(13),1799,2,5,4,0,1.6,65.8,2,1,6.73,20(13),0.9,1,1.3,0,0.3,0.5,0.1,0,6.73,175,,"Rasmus BengtssonTwente, 29, D(C)",15(2),1264,1,-,0.4,0.1,0.1,0.4,-,-,0.1,6.75,171,,"Rasmus BengtssonTwente, 29, D(C)",15(2),1264,-,0.1,45.6,90.7,-,3.3,-,6.75
Terence Kongolo,Feyenoord,30(1),2684,0,1,4,0,0.7,87.2,2.6,1,7.25,30(1),2,2.3,0.9,0.9,6.7,0.4,0.5,0,7.25,28,,"Denni AvdicHeracles, 26, AM(C),FW",13(9),1252,4,1,1.3,0.5,0.7,1.1,0.3,1.6,1.4,6.58,207,,"Denni AvdicHeracles, 26, AM(C),FW",13(9),1252,1,0.5,19.3,70.1,0.1,0.9,-,6.58
Thom Haye,AZ Alkmaar,22(6),1813,0,3,3,0,1,73.3,1,0,6.79,22(6),1.7,1.2,0.8,0.1,0.6,0.9,0,0,6.79,152,,"Rick KarsdorpFeyenoord, 20, D(R)",14(5),1246,-,2,0.2,0.8,0.3,0.3,-,0.4,0.4,6.61,200,,"Rick KarsdorpFeyenoord, 20, D(R)",14(5),1246,2,0.8,33.3,77.6,1,3.8,-,6.61
Thomas Bruns,Heracles,29(3),2330,7,3,7,0,1.4,68.2,0.7,1,6.81,29(3),1.7,0.9,1.2,0,0.7,1.4,0.1,0,6.81,149,,"Calvin Mac-IntoschCambuur, 26, D(C)",13(7),1242,-,2,0.2,0.1,0.6,1.2,-,0.2,0.2,6.8,150,,"Calvin Mac-IntoschCambuur, 26, D(C)",13(7),1242,2,0.1,38.5,88,-,4.1,0.1,6.8
Thomas Kristensen,ADO Den Haag,28(2),2272,1,1,3,0,0.4,82.3,1.7,2,6.99,28(2),2.1,1.9,0.7,0.2,2.7,1.4,0.2,0,6.99,98,,"Joshua BrenetPSV Eindhoven, 21, D(R)",13(5),1238,1,-,0.3,0.4,1.2,0.3,-,1.1,0.4,7.17,52,,"Joshua BrenetPSV Eindhoven, 21, D(R)",13(5),1238,-,0.4,33.1,83.5,0.2,1.6,-,7.17
Thomas Lam,PEC Zwolle,22(6),1958,2,2,7,1,0.5,82.1,1.2,0,6.69,22(6),1.5,1.5,1.7,0.1,2.7,0.8,0.3,0,6.69,186,,"Daniel de RidderCambuur, 31, AM(L)",15(6),1229,2,2,1.5,1.5,1.2,1,0.1,1,0.9,6.73,173,,"Daniel de RidderCambuur, 31, AM(L)",15(6),1229,2,1.5,24.9,82.8,1,1.5,-,6.73
Thulani Serero,Ajax,21(8),2000,1,0,2,0,0.5,89,0.4,1,6.98,21(8),2.5,2.2,0.5,0,0.8,0.7,0.2,0,6.98,100,,"Riechedly BazoerAjax, 18, M(C)",14(3),1215,1,-,1.5,0.5,1,1.5,0.1,1.4,1,7.02,86,,"Riechedly BazoerAjax, 18, M(C)",14(3),1215,-,0.5,40.3,86.9,0.4,2.1,0.1,7.02
Timo Letschert,Utrecht,19(4),1843,0,1,2,0,0.9,85.4,2,1,7.06,19(4),2.4,2.6,1,0.3,3,0.6,0.4,0,7.06,82,,"Kolbeinn SigthorssonAjax, 25, FW",13(8),1195,7,2,1.7,0.4,0.3,0.6,0.2,1.2,1.6,6.86,133,,"Kolbeinn SigthorssonAjax, 25, FW",13(8),1195,2,0.4,17.4,68,0.1,0.1,-,6.86
Timothy Derijck,ADO Den Haag,17(5),1632,0,0,3,0,0.2,82.2,1.3,0,6.54,17(5),0.7,2,0.9,0.6,4.4,0.3,0.2,3,6.54,225,,"WallaceVitesse, 21, D(R)",13(5),1178,1,1,0.6,1.2,1.2,1.4,0.1,0.7,0.9,6.77,166,,"WallaceVitesse, 21, D(R)",13(5),1178,1,1.2,40.9,86.8,0.3,3.3,-,6.77
Tjaronn Chery,Groningen,34,3019,15,6,0,0,3.9,81.8,0.2,3,7.22,34,0.7,0.6,0.8,0,0.6,0.7,0.1,0,7.22,40,,"Trent SainsburyPEC Zwolle, 23, D(C)",14(3),1134,-,1,0.2,0.2,0.4,0.6,0.1,0.2,0.4,6.85,142,,"Trent SainsburyPEC Zwolle, 23, D(C)",14(3),1134,1,0.2,39.9,82.8,-,4.4,-,6.85
Tom van Weert,Excelsior,32,2643,13,2,3,0,2.7,68.1,2.8,1,6.97,32,0.6,0.2,1.4,0,0.6,0.6,0,0,6.97,105,,"Kristoffer PetersonUtrecht, 20, AM(LR)",14(6),1131,2,2,1.7,0.8,1.4,0.6,0.1,1.9,1.3,6.53,227,,"Kristoffer PetersonUtrecht, 20, AM(LR)",14(6),1131,2,0.8,15.5,79.9,0.2,0.5,-,6.53
Tomas Necid,PEC Zwolle,19(5),1728,11,3,4,1,2.8,73.1,1.9,2,6.93,19(5),0.5,0.3,1.3,0,0.9,0.3,0.1,0,6.93,116,,"Jorrit HendrixPSV Eindhoven, 20, D(C),DM(C)",12(8),1120,1,-,0.4,0.5,0.7,0.5,-,0.5,0.4,6.83,147,,"Jorrit HendrixPSV Eindhoven, 20, D(C),DM(C)",12(8),1120,-,0.5,26.7,79.8,0.1,2.4,0.1,6.83
Tommy Oar,Utrecht,17(1),1480,0,7,2,0,1.1,75.3,0.1,1,7.11,17(1),0.7,0.5,0.9,0,0.4,0.5,0.1,0,7.11,66,,"Renato TapiaTwente, 20, M(C)",12(5),1119,5,-,1.5,0.4,1.2,1.2,-,1.8,1.5,6.94,113,,"Renato TapiaTwente, 20, M(C)",12(5),1119,-,0.4,25.7,70.5,0.1,2.4,0.1,6.94
Tonny Vilhena,Feyenoord,10(11),1067,0,0,1,0,1.5,80,1,0,6.55,10(11),1.1,0.7,1,0,0.6,0.5,0,0,6.55,223,,"Renato IbarraVitesse, 24, AM(R)",11(12),1115,2,2,1.5,1.3,1.1,1.1,0.4,0.3,1.7,6.77,164,,"Renato IbarraVitesse, 24, AM(R)",11(12),1115,2,1.3,22.7,83.1,0.3,0.5,-,6.77
Torgeir Borven,Twente,4(18),565,1,0,0,0,0.7,69.5,1,0,6.24,4(18),0.2,0,0.3,0,0.2,0,0,0,6.24,251,,"Danny BakkerADO Den Haag, 20, D(C),DM(C)",12(8),1110,1,1,0.6,0.3,0.4,1.1,0.1,0.6,0.9,6.56,217,,"Danny BakkerADO Den Haag, 20, D(C),DM(C)",12(8),1110,1,0.3,19.9,77.1,0.1,1.7,0.1,6.56
Trent Sainsbury,PEC Zwolle,14(3),1134,0,1,0,1,0.2,82.8,2.1,1,6.85,14(3),1.6,2,1.2,0.6,3.9,0.4,0.6,0,6.85,142,,"Tonny VilhenaFeyenoord, 20, AM(C)",10(11),1067,-,-,1.5,0.8,0.3,0.9,-,1.5,1.2,6.55,223,,"Tonny VilhenaFeyenoord, 20, AM(C)",10(11),1067,-,0.8,26.9,80,0.6,1.5,0.1,6.55
Uros Djurdjevic,Vitesse,1(16),303,1,0,1,0,1.2,69.7,0.1,0,6.23,1(16),0.1,0,0.6,0,0.1,0.1,0,0,6.23,252,,"Nick van der VeldenGroningen, 33, AM(R),FW",11(12),1049,1,1,0.8,0.7,0.2,1,0.5,1,0.8,6.35,247,,"Nick van der VeldenGroningen, 33, AM(R),FW",11(12),1049,1,0.7,16.1,70.8,0.7,0.4,0.1,6.35
Uros Matic,NAC Breda,23(5),2027,1,2,2,0,0.9,77.1,0.3,0,6.72,23(5),2,1.5,0.7,0,1.1,1.4,0.3,0,6.72,176,,"Ninos GouriyeExcelsior, 24, AM(LR)",10(13),1040,2,3,1.6,0.7,1.1,0.9,0.1,1.7,2.1,6.57,210,,"Ninos GouriyeExcelsior, 24, AM(LR)",10(13),1040,3,0.7,10.7,69.8,0.2,0.7,-,6.57
Valeri Qazaishvili,Vitesse,27(6),2365,9,3,0,0,2,87.1,0.3,2,6.92,27(6),1.2,0.5,0.6,0,0.2,0.5,0,0,6.92,119,,"Alex SchalkGo Ahead Eagles, 23, AM(L),FW",12(8),1028,4,-,1.6,0.4,0.4,0.9,-,1.2,1.3,6.44,238,,"Alex SchalkGo Ahead Eagles, 23, AM(L),FW",12(8),1028,-,0.4,12.8,73.3,0.1,0.3,-,6.44
Viktor Elm,AZ Alkmaar,6(14),728,0,1,2,0,0.3,74.4,1.7,0,6.41,6(14),0.6,0.7,0.6,0.1,1.7,0.3,0.1,0,6.41,243,,"Robert BraberWillem II, 32, AM(C)",11(17),1027,3,2,0.5,0.2,-,0.8,0.1,0.3,0.5,6.46,235,,"Robert BraberWillem II, 32, AM(C)",11(17),1027,2,0.2,11.3,69,-,0.2,-,6.46
Vito Wormgoor,ADO Den Haag,26,2227,0,1,5,1,0.7,81.7,1.6,0,6.59,26,0.7,2,1.5,1.1,5.1,0.3,0.6,0,6.59,204,,"Joey PelupessyHeracles, 22, DM(C)",10(7),986,1,-,0.4,0.6,0.1,0.6,-,0.4,0.2,6.51,230,,"Joey PelupessyHeracles, 22, DM(C)",10(7),986,-,0.6,21.8,81.4,0.1,1.2,-,6.51
Vytautas Andriuskevicius,Cambuur,26(1),2236,0,0,6,0,0.2,79.5,2,1,6.93,26(1),1.7,1.8,1.3,0.2,5.9,0.8,0.4,0,6.93,115,,"Fernando LewisGo Ahead Eagles, 22, AM(L)",11(6),983,2,1,0.9,0.6,0.1,0.8,0.1,0.9,1.4,6.64,194,,"Fernando LewisGo Ahead Eagles, 22, AM(L)",11(6),983,1,0.6,17.5,72.1,0.1,0.6,-,6.64
Wallace,Vitesse,13(5),1178,1,1,7,0,0.6,86.8,0.1,0,6.77,13(5),1.5,1.3,1.1,0.2,1.3,0.9,0.3,0,6.77,166,,"Robert MührenAZ Alkmaar, 26, FW",12(5),960,4,2,2.1,0.7,0.1,0.2,1.6,0.5,0.9,6.48,232,,"Robert MührenAZ Alkmaar, 26, FW",12(5),960,2,0.7,12.1,72.7,0.1,0.2,-,6.48
Warner Hahn,PEC Zwolle,30,2700,0,0,1,0,0,62.6,0.1,2,7,30,0,0,0,0,0.6,0,0,0,7,93,,"Jaïro RiedewaldAjax, 18, D(CL)",10(9),946,-,-,0.1,0.3,0.5,0.4,-,0.5,0.7,6.71,181,,"Jaïro RiedewaldAjax, 18, D(CL)",10(9),946,-,0.3,36,89.9,-,1.4,-,6.71
Wesley Hoedt,AZ Alkmaar,24,2141,2,0,4,0,0.5,80.5,3.6,3,7.44,24,1.9,2.8,1.5,0.3,10,0.3,0.8,0,7.44,14,,"Doke SchmidtHeerenveen, 23, D(R)",8(14),910,-,-,0.2,-,0.2,0.6,-,0.1,0.3,6.58,205,,"Doke SchmidtHeerenveen, 23, D(R)",8(14),910,-,-,16.1,73.2,-,2.1,-,6.58
Willem Janssen,Utrecht,30,2538,3,0,8,1,1.1,80.1,2.8,0,6.84,30,2,1.8,1.5,0,2,0.8,0.3,0,6.84,144,,"Lars LambooijGo Ahead Eagles, 27, DM(C)",8(10),899,-,1,0.4,0.6,0.4,0.7,-,0.8,0.7,6.49,231,,"Lars LambooijGo Ahead Eagles, 27, DM(C)",8(10),899,1,0.6,20.8,81.6,0.3,1.1,-,6.49
William Troost-Ekong,FC Dordrecht,17(5),1570,0,0,2,0,0.1,80.8,2.3,0,6.72,17(5),1.6,2.1,0.7,1.1,7.4,0.5,0.8,0,6.72,177,,"Mitchell te VredeFeyenoord, 24, FW",7(13),808,7,-,2.6,0.4,0.1,0.5,0.6,1.1,1.1,6.57,213,,"Mitchell te VredeFeyenoord, 24, FW",7(13),808,-,0.4,10,64,-,0.1,-,6.57
Wout Brama,PEC Zwolle,15(5),1355,0,1,0,0,0.5,81.3,0.9,0,6.59,15(5),1.1,1.6,0.9,0.1,1.6,0.8,0.3,0,6.59,203,,"Viktor ElmAZ Alkmaar, 29, DM(C)",6(14),728,-,1,0.3,0.9,0.1,0.7,0.1,0.3,0.2,6.41,243,,"Viktor ElmAZ Alkmaar, 29, DM(C)",6(14),728,1,0.9,17.6,74.4,-,0.7,0.1,6.41
Wout Weghorst,Heracles,27(4),2431,8,5,6,0,1.5,67.5,3.2,1,6.96,27(4),1.1,0.6,1.9,0,0.6,0.7,0.2,0,6.96,109,,"Jerson CabralWillem II, 24, AM(LR)",8(9),721,2,-,1.1,0.3,0.9,0.6,-,1.3,1.1,6.48,233,,"Jerson CabralWillem II, 24, AM(LR)",8(9),721,-,0.3,11.1,75.5,0.3,0.4,-,6.48
Xander Houtkoop,ADO Den Haag,4(19),658,3,1,0,0,0.5,73.2,0.2,0,6.37,4(19),0.3,0.3,0.1,0,0.3,0.1,0,1,6.37,246,,"Jürgen LocadiaPSV Eindhoven, 21, FW",5(18),698,6,3,1,0.4,0.1,0.7,-,0.6,0.6,6.57,211,,"Jürgen LocadiaPSV Eindhoven, 21, FW",5(18),698,3,0.4,11.3,84.2,-,0.6,-,6.57
Xandro Schenk,Go Ahead Eagles,21(5),1972,0,0,2,0,0.2,80.4,1,1,6.68,21(5),2.5,1.1,1,0.2,4.6,0.9,0.3,0,6.68,188,,"Xander HoutkoopADO Den Haag, 26, AM(L)",4(19),658,3,1,0.5,0.6,0.2,0.3,-,0.4,0.6,6.37,246,,"Xander HoutkoopADO Den Haag, 26, AM(L)",4(19),658,1,0.6,7.3,73.2,0.9,0.2,-,6.37
Yassin Ayoub,Utrecht,31,2727,5,6,6,1,1.4,80.7,0.6,2,7.41,31,3.4,1.2,1.5,0,1.2,1.3,0.3,0,7.41,17,,"Torgeir BorvenTwente, 23, FW",4(18),565,1,-,0.7,0.2,0.1,0.3,-,0.4,0.6,6.24,251,,"Torgeir BorvenTwente, 23, FW",4(18),565,-,0.2,7,69.5,-,0.1,-,6.24
Yoëll van Nieff,Groningen,19(5),1791,1,0,2,0,0.3,75.6,0.9,0,6.86,19(5),2.7,1.8,0.9,0.1,3.5,1,0.1,0,6.86,137,,"Ridgeciano HapsAZ Alkmaar, 22, D(L)",2(16),501,-,-,0.3,0.3,0.2,0.9,0.2,0.4,0.6,6.31,249,,"Ridgeciano HapsAZ Alkmaar, 22, D(L)",2(16),501,-,0.3,10.9,66.5,0.1,0.8,-,6.31
Youness Mokhtar,Twente,24(8),2100,5,4,2,0,1.8,78.7,0.5,1,7.03,24(8),1.8,0.5,0.9,0,0.2,0.6,0.1,0,7.03,84,,"Kevin VermeulenExcelsior, 24, FW",2(22),398,2,-,0.4,0.2,0.2,0.2,-,0.5,0.5,6.18,253,,"Kevin VermeulenExcelsior, 24, FW",2(22),398,-,0.2,3.8,64.4,0.1,0.3,-,6.18
Zakaria Labyad,Vitesse,24(5),2089,8,4,4,0,3.4,78.9,0.3,2,7.19,24(5),1,0.4,1,0,0.2,0.5,0.1,0,7.19,48,,"Uros DjurdjevicVitesse, 21, FW",1(16),303,1,-,1.2,0.3,0.4,0.6,0.5,0.8,0.5,6.23,252,,"Uros DjurdjevicVitesse, 21, FW",1(16),303,-,0.3,3.9,69.7,0.2,-,-,6.23
